student_id,assessment_date,score,max_score,course_id
ST1000,2024-01-01,85.10400501594724,100,PHY101
ST1000,2024-01-31,56.64045842527738,100,CSE101
ST1000,2024-03-01,55.2153790381205,100,PHY101
ST1000,2024-03-31,65.3890694191781,100,CSE101
ST1001,2024-01-01,75.27230886640218,100,MAT101
ST1001,2024-01-31,45.99312540299671,100,PHY101
ST1001,2024-03-01,64.29055667777206,100,MAT101
ST1001,2024-03-31,34.30676067580475,100,MAT101
ST1002,2024-01-01,79.34030274000663,100,MAT101
ST1002,2024-01-31,56.23656565698872,100,MAT101
ST1002,2024-03-01,54.34370431673183,100,PHY101
ST1002,2024-03-31,82.7366760789554,100,MAT101
ST1003,2024-01-01,78.29310030523064,100,MAT101
ST1003,2024-01-31,54.419521905995495,100,MAT101
ST1003,2024-03-01,52.29463604587462,100,CSE101
ST1003,2024-03-31,70.84547637540246,100,PHY101
ST1004,2024-01-01,56.56298658283432,100,PHY101
ST1004,2024-01-31,65.40685042131143,100,MAT101
ST1004,2024-03-01,39.546627479049086,100,CSE101
ST1004,2024-03-31,71.34878932837697,100,PHY101
ST1005,2024-01-01,66.6403012425145,100,CSE101
ST1005,2024-01-31,65.35132345567995,100,PHY101
ST1005,2024-03-01,57.58615182346325,100,MAT101
ST1005,2024-03-31,63.27084153327081,100,MAT101
ST1006,2024-01-01,88.1047729630514,100,CSE101
ST1006,2024-01-31,69.72818588800322,100,CSE101
ST1006,2024-03-01,41.75051188608928,100,MAT101
ST1006,2024-03-31,43.139301931681345,100,PHY101
ST1007,2024-01-01,80.42572959094296,100,PHY101
ST1007,2024-01-31,57.279106255880635,100,MAT101
ST1007,2024-03-01,93.27129847902202,100,CSE101
ST1007,2024-03-31,83.68026907393555,100,CSE101
ST1008,2024-01-01,67.16082873627835,100,PHY101
ST1008,2024-01-31,70.12262268953168,100,PHY101
ST1008,2024-03-01,60.67986401779264,100,PHY101
ST1008,2024-03-31,44.91684063931813,100,CSE101
ST1009,2024-01-01,69.69172344359754,100,CSE101
ST1009,2024-01-31,60.54595196488441,100,MAT101
ST1009,2024-03-01,66.36333431875882,100,CSE101
ST1009,2024-03-31,61.58893866372905,100,MAT101
ST1010,2024-01-01,62.58644558104495,100,PHY101
ST1010,2024-01-31,87.30918583865244,100,PHY101
ST1010,2024-03-01,83.44493985882261,100,CSE101
ST1010,2024-03-31,51.54271967811018,100,CSE101
ST1011,2024-01-01,45.34071342763313,100,CSE101
ST1011,2024-01-31,94.90239743759845,100,CSE101
ST1011,2024-03-01,79.60765150928306,100,CSE101
ST1011,2024-03-31,51.67634272190754,100,CSE101
ST1012,2024-01-01,69.50744314970736,100,PHY101
ST1012,2024-01-31,59.61668268994961,100,CSE101
ST1012,2024-03-01,49.51355092627902,100,PHY101
ST1012,2024-03-31,43.67598345296075,100,PHY101
ST1013,2024-01-01,84.99499342067557,100,CSE101
ST1013,2024-01-31,44.88753477732689,100,MAT101
ST1013,2024-03-01,75.4019737304028,100,CSE101
ST1013,2024-03-31,52.2909864927731,100,CSE101
ST1014,2024-01-01,45.833907314508686,100,CSE101
ST1014,2024-01-31,86.77045212328329,100,CSE101
ST1014,2024-03-01,86.76928159223631,100,MAT101
ST1014,2024-03-31,63.57732055108483,100,CSE101
ST1015,2024-01-01,89.22396655235475,100,PHY101
ST1015,2024-01-31,74.88094914789568,100,PHY101
ST1015,2024-03-01,51.812785972819924,100,CSE101
ST1015,2024-03-31,43.20502713107055,100,CSE101
ST1016,2024-01-01,85.82470042406044,100,PHY101
ST1016,2024-01-31,78.39540965040554,100,PHY101
ST1016,2024-03-01,57.520243903404925,100,MAT101
ST1016,2024-03-31,53.766512750458425,100,CSE101
ST1017,2024-01-01,35.3002518017522,100,PHY101
ST1017,2024-01-31,56.24702588088662,100,MAT101
ST1017,2024-03-01,68.98506204353762,100,CSE101
ST1017,2024-03-31,45.31651383048542,100,MAT101
ST1018,2024-01-01,61.013260366906174,100,PHY101
ST1018,2024-01-31,72.49128817355209,100,CSE101
ST1018,2024-03-01,35.96510026819013,100,PHY101
ST1018,2024-03-31,87.53364514909245,100,PHY101
ST1019,2024-01-01,36.7076475917864,100,CSE101
ST1019,2024-01-31,34.66958047662885,100,PHY101
ST1019,2024-03-01,71.26803349795262,100,CSE101
ST1019,2024-03-31,82.96633292878184,100,PHY101
ST1020,2024-01-01,67.90915922161349,100,CSE101
ST1020,2024-01-31,46.70228959322428,100,CSE101
ST1020,2024-03-01,66.05633328627874,100,CSE101
ST1020,2024-03-31,44.418320196558795,100,MAT101
ST1021,2024-01-01,84.1520269490629,100,PHY101
ST1021,2024-01-31,59.49349274475381,100,MAT101
ST1021,2024-03-01,87.85800837750992,100,CSE101
ST1021,2024-03-31,59.134987419347446,100,PHY101
ST1022,2024-01-01,72.00473360239306,100,MAT101
ST1022,2024-01-31,14.44366104663775,100,PHY101
ST1022,2024-03-01,47.433352891829365,100,CSE101
ST1022,2024-03-31,65.77734488337316,100,CSE101
ST1023,2024-01-01,41.739576425346655,100,MAT101
ST1023,2024-01-31,48.46162677010807,100,PHY101
ST1023,2024-03-01,66.80745475183835,100,CSE101
ST1023,2024-03-31,59.88386887269599,100,MAT101
ST1024,2024-01-01,97.61753398017589,100,CSE101
ST1024,2024-01-31,60.04232740941674,100,PHY101
ST1024,2024-03-01,62.275258430384596,100,CSE101
ST1024,2024-03-31,79.40918770224656,100,MAT101
ST1025,2024-01-01,48.78120078117792,100,CSE101
ST1025,2024-01-31,80.90480794443687,100,CSE101
ST1025,2024-03-01,70.43749911534184,100,CSE101
ST1025,2024-03-31,66.07157553716375,100,MAT101
ST1026,2024-01-01,57.05959096563638,100,PHY101
ST1026,2024-01-31,51.44395799049147,100,CSE101
ST1026,2024-03-01,38.55064747819587,100,CSE101
ST1026,2024-03-31,91.07099147236559,100,MAT101
ST1027,2024-01-01,70.94250250113458,100,MAT101
ST1027,2024-01-31,73.90331972044523,100,PHY101
ST1027,2024-03-01,47.38535858473767,100,PHY101
ST1027,2024-03-31,46.95739291002035,100,MAT101
ST1028,2024-01-01,61.28817966200977,100,MAT101
ST1028,2024-01-31,92.41646849612465,100,MAT101
ST1028,2024-03-01,61.98713291251007,100,CSE101
ST1028,2024-03-31,57.37774580411837,100,PHY101
ST1029,2024-01-01,59.95150374397174,100,PHY101
ST1029,2024-01-31,57.42626866192739,100,CSE101
ST1029,2024-03-01,71.36222914475964,100,MAT101
ST1029,2024-03-31,62.153455913998606,100,PHY101
ST1030,2024-01-01,62.952785315771095,100,PHY101
ST1030,2024-01-31,63.44199847542033,100,PHY101
ST1030,2024-03-01,54.53841051399433,100,PHY101
ST1030,2024-03-31,66.91284721643764,100,CSE101
ST1031,2024-01-01,62.30285828678201,100,MAT101
ST1031,2024-01-31,69.77634404095859,100,MAT101
ST1031,2024-03-01,66.95120835018307,100,PHY101
ST1031,2024-03-31,76.1840429822772,100,CSE101
ST1032,2024-01-01,69.80510801103829,100,MAT101
ST1032,2024-01-31,51.289582780815095,100,CSE101
ST1032,2024-03-01,54.98263676455551,100,CSE101
ST1032,2024-03-31,58.16911063160328,100,CSE101
ST1033,2024-01-01,65.98459821930224,100,CSE101
ST1033,2024-01-31,60.91772370329837,100,MAT101
ST1033,2024-03-01,58.13725949080945,100,PHY101
ST1033,2024-03-31,33.79506672588684,100,PHY101
ST1034,2024-01-01,72.70902154835652,100,CSE101
ST1034,2024-01-31,34.353345701639114,100,CSE101
ST1034,2024-03-01,83.88883398459666,100,CSE101
ST1034,2024-03-31,82.71968489847472,100,PHY101
ST1035,2024-01-01,57.848209105645395,100,PHY101
ST1035,2024-01-31,34.70626916690288,100,CSE101
ST1035,2024-03-01,68.58923365595193,100,CSE101
ST1035,2024-03-31,63.91947353985248,100,MAT101
ST1036,2024-01-01,49.632321690596825,100,MAT101
ST1036,2024-01-31,59.94159030649194,100,CSE101
ST1036,2024-03-01,67.6576791656589,100,PHY101
ST1036,2024-03-31,57.92938411794447,100,PHY101
ST1037,2024-01-01,87.10741259898109,100,MAT101
ST1037,2024-01-31,78.44606638492249,100,CSE101
ST1037,2024-03-01,76.11926251730928,100,PHY101
ST1037,2024-03-31,67.06760670670414,100,CSE101
ST1038,2024-01-01,44.78785706597971,100,CSE101
ST1038,2024-01-31,52.19908652810375,100,CSE101
ST1038,2024-03-01,70.5555893303779,100,PHY101
ST1038,2024-03-31,76.75218411013795,100,CSE101
ST1039,2024-01-01,58.354628359846366,100,MAT101
ST1039,2024-01-31,69.32913961677008,100,CSE101
ST1039,2024-03-01,70.09465697000178,100,CSE101
ST1039,2024-03-31,88.28562552696653,100,PHY101
ST1040,2024-01-01,66.02966219781888,100,CSE101
ST1040,2024-01-31,51.9959484266192,100,MAT101
ST1040,2024-03-01,65.88601865024184,100,MAT101
ST1040,2024-03-31,78.23845243060681,100,MAT101
ST1041,2024-01-01,51.5436558973531,100,CSE101
ST1041,2024-01-31,100.0,100,PHY101
ST1041,2024-03-01,73.00309643905251,100,MAT101
ST1041,2024-03-31,88.097752429568,100,CSE101
ST1042,2024-01-01,63.35669448067631,100,PHY101
ST1042,2024-01-31,68.55728215846342,100,PHY101
ST1042,2024-03-01,57.69299977039506,100,CSE101
ST1042,2024-03-31,45.426975133772615,100,MAT101
ST1043,2024-01-01,61.85968816268501,100,MAT101
ST1043,2024-01-31,94.44308089157329,100,PHY101
ST1043,2024-03-01,60.55480586764332,100,MAT101
ST1043,2024-03-31,56.25425635956133,100,MAT101
ST1044,2024-01-01,59.835308153989665,100,CSE101
ST1044,2024-01-31,44.58407322068757,100,PHY101
ST1044,2024-03-01,72.23026026548732,100,CSE101
ST1044,2024-03-31,67.86394876622673,100,MAT101
ST1045,2024-01-01,61.97677429912832,100,MAT101
ST1045,2024-01-31,71.05937655601272,100,MAT101
ST1045,2024-03-01,44.21035474542185,100,CSE101
ST1045,2024-03-31,91.79631676638158,100,CSE101
ST1046,2024-01-01,59.78466198460758,100,MAT101
ST1046,2024-01-31,64.02159635204382,100,MAT101
ST1046,2024-03-01,66.01057304292664,100,MAT101
ST1046,2024-03-31,52.954559475799286,100,CSE101
ST1047,2024-01-01,52.6666789827355,100,CSE101
ST1047,2024-01-31,55.76642734439944,100,CSE101
ST1047,2024-03-01,47.747356021309805,100,PHY101
ST1047,2024-03-31,88.42161833998364,100,PHY101
ST1048,2024-01-01,49.34710391113488,100,MAT101
ST1048,2024-01-31,52.5415138091231,100,CSE101
ST1048,2024-03-01,72.00688421119604,100,PHY101
ST1048,2024-03-31,52.76616779773868,100,PHY101
ST1049,2024-01-01,77.22996226061737,100,PHY101
ST1049,2024-01-31,70.41635931234666,100,MAT101
ST1049,2024-03-01,83.070365965212,100,MAT101
ST1049,2024-03-31,80.6693643234546,100,CSE101
ST1050,2024-01-01,99.50989549818962,100,PHY101
ST1050,2024-01-31,52.4652974761802,100,PHY101
ST1050,2024-03-01,76.20289062723282,100,CSE101
ST1050,2024-03-31,97.04336913691216,100,CSE101
ST1051,2024-01-01,54.964083080474616,100,MAT101
ST1051,2024-01-31,48.60617574997799,100,PHY101
ST1051,2024-03-01,52.04240108766615,100,CSE101
ST1051,2024-03-31,67.85291447634744,100,MAT101
ST1052,2024-01-01,66.97902340882789,100,PHY101
ST1052,2024-01-31,94.53941918317864,100,PHY101
ST1052,2024-03-01,77.66101499393226,100,CSE101
ST1052,2024-03-31,53.59073315292913,100,MAT101
ST1053,2024-01-01,88.63406597656213,100,MAT101
ST1053,2024-01-31,67.46914263191496,100,MAT101
ST1053,2024-03-01,51.78263826815383,100,MAT101
ST1053,2024-03-31,79.18595563347382,100,PHY101
ST1054,2024-01-01,79.01356403978407,100,CSE101
ST1054,2024-01-31,59.38495649040431,100,PHY101
ST1054,2024-03-01,59.31114663984521,100,PHY101
ST1054,2024-03-31,61.865867246351904,100,PHY101
ST1055,2024-01-01,45.18867138631305,100,MAT101
ST1055,2024-01-31,75.81002880029247,100,PHY101
ST1055,2024-03-01,89.39580223507973,100,PHY101
ST1055,2024-03-31,77.68360704490023,100,MAT101
ST1056,2024-01-01,78.26616407312687,100,CSE101
ST1056,2024-01-31,41.896777471857945,100,MAT101
ST1056,2024-03-01,74.24013167416288,100,PHY101
ST1056,2024-03-31,31.571913964501334,100,MAT101
ST1057,2024-01-01,77.84813597236158,100,CSE101
ST1057,2024-01-31,48.88557314085415,100,PHY101
ST1057,2024-03-01,53.490624776606765,100,MAT101
ST1057,2024-03-31,81.02638236392177,100,CSE101
ST1058,2024-01-01,51.98218962719816,100,MAT101
ST1058,2024-01-31,91.96940595426327,100,CSE101
ST1058,2024-03-01,63.23646337147765,100,PHY101
ST1058,2024-03-31,76.58608842860353,100,MAT101
ST1059,2024-01-01,63.73681918005465,100,CSE101
ST1059,2024-01-31,78.17262432631122,100,PHY101
ST1059,2024-03-01,33.769919536025,100,PHY101
ST1059,2024-03-31,67.39742167220909,100,PHY101
ST1060,2024-01-01,65.28036409504915,100,PHY101
ST1060,2024-01-31,59.904288415123375,100,PHY101
ST1060,2024-03-01,70.37566733715191,100,CSE101
ST1060,2024-03-31,99.09836544640771,100,MAT101
ST1061,2024-01-01,53.935883292268606,100,MAT101
ST1061,2024-01-31,86.65115852035633,100,CSE101
ST1061,2024-03-01,66.1241081360934,100,PHY101
ST1061,2024-03-31,56.5074951377325,100,MAT101
ST1062,2024-01-01,69.62767191780465,100,CSE101
ST1062,2024-01-31,82.20872564595454,100,MAT101
ST1062,2024-03-01,58.50002534083919,100,PHY101
ST1062,2024-03-31,76.02745446522052,100,PHY101
ST1063,2024-01-01,75.7516017774575,100,MAT101
ST1063,2024-01-31,76.9300944234786,100,CSE101
ST1063,2024-03-01,60.99792000304467,100,CSE101
ST1063,2024-03-31,39.88557471134429,100,PHY101
ST1064,2024-01-01,60.25475926729814,100,MAT101
ST1064,2024-01-31,36.56643188840826,100,CSE101
ST1064,2024-03-01,66.10205340715716,100,PHY101
ST1064,2024-03-31,74.30257911605679,100,MAT101
ST1065,2024-01-01,76.51973283192264,100,PHY101
ST1065,2024-01-31,61.17491249847201,100,CSE101
ST1065,2024-03-01,46.6680491736451,100,CSE101
ST1065,2024-03-31,76.86754506054532,100,CSE101
ST1066,2024-01-01,66.5030447811716,100,CSE101
ST1066,2024-01-31,60.69315228483528,100,PHY101
ST1066,2024-03-01,76.78092313233155,100,MAT101
ST1066,2024-03-31,80.52421658286526,100,PHY101
ST1067,2024-01-01,61.33674857852968,100,PHY101
ST1067,2024-01-31,85.43252791111698,100,MAT101
ST1067,2024-03-01,69.25941112388442,100,PHY101
ST1067,2024-03-31,69.79292311742373,100,MAT101
ST1068,2024-01-01,78.61531155820641,100,MAT101
ST1068,2024-01-31,72.01204558066586,100,PHY101
ST1068,2024-03-01,72.26111563396965,100,MAT101
ST1068,2024-03-31,66.78458998142924,100,PHY101
ST1069,2024-01-01,76.31056760731528,100,PHY101
ST1069,2024-01-31,72.71759054311482,100,MAT101
ST1069,2024-03-01,57.45425203560298,100,CSE101
ST1069,2024-03-31,86.04817564346445,100,MAT101
ST1070,2024-01-01,68.43312076730845,100,MAT101
ST1070,2024-01-31,56.1354458491941,100,PHY101
ST1070,2024-03-01,61.30772995331333,100,CSE101
ST1070,2024-03-31,70.18697081635462,100,MAT101
ST1071,2024-01-01,64.93294782767597,100,CSE101
ST1071,2024-01-31,60.11590497246349,100,PHY101
ST1071,2024-03-01,57.600774424124296,100,PHY101
ST1071,2024-03-31,90.03715762851492,100,MAT101
ST1072,2024-01-01,65.40646766293234,100,PHY101
ST1072,2024-01-31,79.4725396808896,100,MAT101
ST1072,2024-03-01,40.82225458370664,100,MAT101
ST1072,2024-03-31,47.6887758399311,100,PHY101
ST1073,2024-01-01,37.823744322833804,100,CSE101
ST1073,2024-01-31,73.67537192411083,100,MAT101
ST1073,2024-03-01,34.248665216917686,100,PHY101
ST1073,2024-03-31,44.06688653635776,100,CSE101
ST1074,2024-01-01,65.30344890148346,100,MAT101
ST1074,2024-01-31,73.96577998298488,100,PHY101
ST1074,2024-03-01,73.2134173079115,100,PHY101
ST1074,2024-03-31,61.49873853692976,100,PHY101
ST1075,2024-01-01,57.73596448732137,100,CSE101
ST1075,2024-01-31,55.203406594497615,100,PHY101
ST1075,2024-03-01,65.7160920813149,100,PHY101
ST1075,2024-03-31,72.4202113267759,100,PHY101
ST1076,2024-01-01,56.05866365659399,100,MAT101
ST1076,2024-01-31,71.66219691769554,100,PHY101
ST1076,2024-03-01,61.656604060547274,100,CSE101
ST1076,2024-03-31,91.46200569082882,100,CSE101
ST1077,2024-01-01,59.44130705676421,100,CSE101
ST1077,2024-01-31,33.61575070838667,100,MAT101
ST1077,2024-03-01,74.89697253168573,100,CSE101
ST1077,2024-03-31,61.88128970718583,100,PHY101
ST1078,2024-01-01,65.16924607310538,100,MAT101
ST1078,2024-01-31,72.97237816662167,100,MAT101
ST1078,2024-03-01,90.19774818424361,100,PHY101
ST1078,2024-03-31,59.11808567618293,100,PHY101
ST1079,2024-01-01,63.742229066239155,100,PHY101
ST1079,2024-01-31,45.14526657660725,100,CSE101
ST1079,2024-03-01,95.0471796064545,100,CSE101
ST1079,2024-03-31,61.775410221425034,100,PHY101
ST1080,2024-01-01,85.54014410261675,100,PHY101
ST1080,2024-01-31,58.69561485834341,100,CSE101
ST1080,2024-03-01,54.56225356557755,100,MAT101
ST1080,2024-03-31,45.43666419798423,100,CSE101
ST1081,2024-01-01,42.08642450245127,100,PHY101
ST1081,2024-01-31,52.33721842975285,100,PHY101
ST1081,2024-03-01,70.64743606102213,100,MAT101
ST1081,2024-03-31,53.419125446149735,100,CSE101
ST1082,2024-01-01,53.770766538280355,100,PHY101
ST1082,2024-01-31,43.481603745184444,100,CSE101
ST1082,2024-03-01,67.88140984001421,100,PHY101
ST1082,2024-03-31,52.99533739131293,100,MAT101
ST1083,2024-01-01,65.03729279927677,100,MAT101
ST1083,2024-01-31,82.78178738599938,100,PHY101
ST1083,2024-03-01,44.99042507584949,100,CSE101
ST1083,2024-03-31,59.86664130020231,100,PHY101
ST1084,2024-01-01,90.03198530159142,100,PHY101
ST1084,2024-01-31,61.71472982549815,100,PHY101
ST1084,2024-03-01,85.52460812555364,100,MAT101
ST1084,2024-03-31,73.1173031694475,100,CSE101
ST1085,2024-01-01,88.64640213958401,100,PHY101
ST1085,2024-01-31,36.10874359831201,100,PHY101
ST1085,2024-03-01,45.60496314911984,100,PHY101
ST1085,2024-03-31,73.25654044112305,100,MAT101
ST1086,2024-01-01,40.37541280462359,100,CSE101
ST1086,2024-01-31,95.61344919004566,100,MAT101
ST1086,2024-03-01,87.78069375854956,100,MAT101
ST1086,2024-03-31,46.769994521724215,100,PHY101
ST1087,2024-01-01,65.03500075896598,100,CSE101
ST1087,2024-01-31,66.71394083960197,100,CSE101
ST1087,2024-03-01,66.73392113401404,100,CSE101
ST1087,2024-03-31,52.98574221891847,100,CSE101
ST1088,2024-01-01,62.573976478380715,100,PHY101
ST1088,2024-01-31,57.373173465991755,100,CSE101
ST1088,2024-03-01,77.94491450274643,100,MAT101
ST1088,2024-03-31,57.43447017065208,100,PHY101
ST1089,2024-01-01,87.21066637404685,100,MAT101
ST1089,2024-01-31,52.87076505303836,100,PHY101
ST1089,2024-03-01,63.911722716847365,100,MAT101
ST1089,2024-03-31,68.60620751887214,100,MAT101
ST1090,2024-01-01,87.10036279065822,100,CSE101
ST1090,2024-01-31,51.72574135255907,100,PHY101
ST1090,2024-03-01,78.56374599636833,100,CSE101
ST1090,2024-03-31,76.65375406030255,100,PHY101
ST1091,2024-01-01,77.68684574266216,100,PHY101
ST1091,2024-01-31,76.76984433866127,100,MAT101
ST1091,2024-03-01,63.43578434218348,100,CSE101
ST1091,2024-03-31,90.84323805006014,100,PHY101
ST1092,2024-01-01,87.16701227929332,100,PHY101
ST1092,2024-01-31,58.1639241100067,100,PHY101
ST1092,2024-03-01,75.74220151222119,100,PHY101
ST1092,2024-03-31,55.04427218926832,100,MAT101
ST1093,2024-01-01,75.90091270547194,100,MAT101
ST1093,2024-01-31,74.41545416000776,100,PHY101
ST1093,2024-03-01,100.0,100,CSE101
ST1093,2024-03-31,65.20841084332406,100,PHY101
ST1094,2024-01-01,66.12041150071516,100,MAT101
ST1094,2024-01-31,76.49259820681539,100,CSE101
ST1094,2024-03-01,78.08119067536924,100,PHY101
ST1094,2024-03-31,55.53972918576798,100,CSE101
ST1095,2024-01-01,56.764388804358475,100,CSE101
ST1095,2024-01-31,57.0435742598313,100,CSE101
ST1095,2024-03-01,65.69133301048446,100,PHY101
ST1095,2024-03-31,49.26104890946351,100,MAT101
ST1096,2024-01-01,61.766605500339985,100,PHY101
ST1096,2024-01-31,46.908421891576495,100,MAT101
ST1096,2024-03-01,76.47599715322272,100,MAT101
ST1096,2024-03-31,72.64033108637456,100,PHY101
ST1097,2024-01-01,51.76742869705906,100,MAT101
ST1097,2024-01-31,77.24104081166493,100,MAT101
ST1097,2024-03-01,90.7022095058878,100,MAT101
ST1097,2024-03-31,65.88573159249502,100,MAT101
ST1098,2024-01-01,81.85291044497406,100,PHY101
ST1098,2024-01-31,68.3536168122068,100,CSE101
ST1098,2024-03-01,73.12595808519653,100,PHY101
ST1098,2024-03-31,64.8173831378795,100,PHY101
ST1099,2024-01-01,59.183721432942946,100,CSE101
ST1099,2024-01-31,37.992821157933555,100,CSE101
ST1099,2024-03-01,24.438435826032425,100,CSE101
ST1099,2024-03-31,32.40630016522933,100,MAT101
ST1100,2024-01-01,72.28606177540694,100,PHY101
ST1100,2024-01-31,71.73184160365278,100,MAT101
ST1100,2024-03-01,60.7667435388839,100,CSE101
ST1100,2024-03-31,81.5533266449096,100,PHY101
ST1101,2024-01-01,80.92237996875852,100,CSE101
ST1101,2024-01-31,53.01186463774913,100,CSE101
ST1101,2024-03-01,54.75200821696836,100,PHY101
ST1101,2024-03-31,72.48847682447095,100,CSE101
ST1102,2024-01-01,93.40785435628423,100,PHY101
ST1102,2024-01-31,53.954529470199944,100,CSE101
ST1102,2024-03-01,63.58836108554079,100,MAT101
ST1102,2024-03-31,74.25211525168075,100,MAT101
ST1103,2024-01-01,49.96113304838125,100,CSE101
ST1103,2024-01-31,69.33212883478315,100,MAT101
ST1103,2024-03-01,75.90087106359147,100,MAT101
ST1103,2024-03-31,61.3152314687821,100,CSE101
ST1104,2024-01-01,64.40026060930312,100,CSE101
ST1104,2024-01-31,56.75853073433179,100,PHY101
ST1104,2024-03-01,62.14527004686595,100,MAT101
ST1104,2024-03-31,53.90017779489177,100,CSE101
ST1105,2024-01-01,77.94632857235582,100,CSE101
ST1105,2024-01-31,64.45094107907232,100,MAT101
ST1105,2024-03-01,50.671746455119404,100,CSE101
ST1105,2024-03-31,95.04391337830057,100,CSE101
ST1106,2024-01-01,59.70444180225935,100,CSE101
ST1106,2024-01-31,63.93800434626797,100,PHY101
ST1106,2024-03-01,72.21161849300229,100,PHY101
ST1106,2024-03-31,75.26795333224868,100,PHY101
ST1107,2024-01-01,50.18230824212722,100,CSE101
ST1107,2024-01-31,77.42744314931993,100,MAT101
ST1107,2024-03-01,76.94438413751458,100,CSE101
ST1107,2024-03-31,65.92668919270298,100,MAT101
ST1108,2024-01-01,45.82647265264502,100,PHY101
ST1108,2024-01-31,85.33180072707626,100,PHY101
ST1108,2024-03-01,62.541013049457476,100,MAT101
ST1108,2024-03-31,63.31367185554069,100,PHY101
ST1109,2024-01-01,62.45608627251366,100,PHY101
ST1109,2024-01-31,50.170562397246336,100,MAT101
ST1109,2024-03-01,52.09711822594775,100,PHY101
ST1109,2024-03-31,20.733280215212332,100,CSE101
ST1110,2024-01-01,70.56656587340419,100,CSE101
ST1110,2024-01-31,62.60626543559996,100,PHY101
ST1110,2024-03-01,58.57106605944357,100,MAT101
ST1110,2024-03-31,57.99299713773991,100,PHY101
ST1111,2024-01-01,61.41222197977687,100,PHY101
ST1111,2024-01-31,63.34883137426924,100,MAT101
ST1111,2024-03-01,68.20271480304886,100,PHY101
ST1111,2024-03-31,65.6775775282435,100,PHY101
ST1112,2024-01-01,72.96659568118548,100,PHY101
ST1112,2024-01-31,92.47586914139899,100,CSE101
ST1112,2024-03-01,73.86091785196969,100,PHY101
ST1112,2024-03-31,71.76377432330072,100,MAT101
ST1113,2024-01-01,66.1935344171226,100,PHY101
ST1113,2024-01-31,77.10421765409782,100,MAT101
ST1113,2024-03-01,60.20091730196552,100,CSE101
ST1113,2024-03-31,64.33109915500823,100,MAT101
ST1114,2024-01-01,50.355289174179504,100,MAT101
ST1114,2024-01-31,57.017261760961766,100,CSE101
ST1114,2024-03-01,63.73371392624493,100,MAT101
ST1114,2024-03-31,60.07551541902404,100,CSE101
ST1115,2024-01-01,76.09850507811197,100,PHY101
ST1115,2024-01-31,67.69839040601774,100,PHY101
ST1115,2024-03-01,38.73136282408984,100,CSE101
ST1115,2024-03-31,27.22815889465592,100,CSE101
ST1116,2024-01-01,77.5453206193525,100,PHY101
ST1116,2024-01-31,56.494479430351305,100,MAT101
ST1116,2024-03-01,73.18682697678028,100,MAT101
ST1116,2024-03-31,28.15182337241503,100,MAT101
ST1117,2024-01-01,66.24939893734367,100,MAT101
ST1117,2024-01-31,65.13454944925255,100,PHY101
ST1117,2024-03-01,70.53738125258124,100,CSE101
ST1117,2024-03-31,81.05023928063538,100,MAT101
ST1118,2024-01-01,67.70487362571146,100,CSE101
ST1118,2024-01-31,98.9879204249069,100,CSE101
ST1118,2024-03-01,60.161240744541196,100,CSE101
ST1118,2024-03-31,85.40712646350833,100,CSE101
ST1119,2024-01-01,65.00235864388827,100,PHY101
ST1119,2024-01-31,45.21589971198698,100,PHY101
ST1119,2024-03-01,45.90627777234823,100,PHY101
ST1119,2024-03-31,81.04018611551206,100,MAT101
ST1120,2024-01-01,74.15088001574547,100,PHY101
ST1120,2024-01-31,55.56471532781334,100,PHY101
ST1120,2024-03-01,74.47078271079104,100,PHY101
ST1120,2024-03-31,65.27661044423387,100,CSE101
ST1121,2024-01-01,56.22031334264147,100,PHY101
ST1121,2024-01-31,79.63807781832281,100,CSE101
ST1121,2024-03-01,72.42435326070135,100,MAT101
ST1121,2024-03-31,86.4886471365155,100,CSE101
ST1122,2024-01-01,63.209687249312395,100,PHY101
ST1122,2024-01-31,59.19823532428171,100,CSE101
ST1122,2024-03-01,69.80582351701015,100,MAT101
ST1122,2024-03-31,71.87385212936104,100,MAT101
ST1123,2024-01-01,51.1021829520103,100,MAT101
ST1123,2024-01-31,48.10900106706542,100,CSE101
ST1123,2024-03-01,42.33869712544112,100,PHY101
ST1123,2024-03-31,53.61219828231302,100,PHY101
ST1124,2024-01-01,68.99015428294348,100,MAT101
ST1124,2024-01-31,53.809376348254176,100,MAT101
ST1124,2024-03-01,79.13298051515488,100,CSE101
ST1124,2024-03-31,64.87222066146997,100,MAT101
ST1125,2024-01-01,85.11892209630025,100,PHY101
ST1125,2024-01-31,62.71615419694943,100,PHY101
ST1125,2024-03-01,56.26554288558871,100,MAT101
ST1125,2024-03-31,22.008209931821263,100,PHY101
ST1126,2024-01-01,87.02658054725586,100,MAT101
ST1126,2024-01-31,76.08637863094924,100,MAT101
ST1126,2024-03-01,60.450619887093765,100,CSE101
ST1126,2024-03-31,73.32602869866099,100,PHY101
ST1127,2024-01-01,57.09344644255236,100,CSE101
ST1127,2024-01-31,56.69830246406254,100,CSE101
ST1127,2024-03-01,77.00979389814592,100,MAT101
ST1127,2024-03-31,52.23610122157229,100,PHY101
ST1128,2024-01-01,87.88278515203446,100,MAT101
ST1128,2024-01-31,41.439858297521916,100,CSE101
ST1128,2024-03-01,90.20085617136712,100,CSE101
ST1128,2024-03-31,51.793825581555595,100,PHY101
ST1129,2024-01-01,44.64773149602103,100,PHY101
ST1129,2024-01-31,38.21970551725474,100,PHY101
ST1129,2024-03-01,21.16512026250478,100,MAT101
ST1129,2024-03-31,68.6130410959354,100,CSE101
ST1130,2024-01-01,57.24299093740579,100,MAT101
ST1130,2024-01-31,65.58190295621583,100,MAT101
ST1130,2024-03-01,75.65348530741491,100,PHY101
ST1130,2024-03-31,54.828952689646364,100,CSE101
ST1131,2024-01-01,74.53003690708391,100,PHY101
ST1131,2024-01-31,44.101620394310984,100,MAT101
ST1131,2024-03-01,78.44948280993492,100,CSE101
ST1131,2024-03-31,69.83637388340058,100,PHY101
ST1132,2024-01-01,56.4321775803308,100,CSE101
ST1132,2024-01-31,58.964240633382744,100,MAT101
ST1132,2024-03-01,57.8484441522399,100,CSE101
ST1132,2024-03-31,58.730495465934716,100,PHY101
ST1133,2024-01-01,78.18564310633484,100,PHY101
ST1133,2024-01-31,47.24968777903991,100,MAT101
ST1133,2024-03-01,38.630391729276354,100,MAT101
ST1133,2024-03-31,65.00898891841705,100,CSE101
ST1134,2024-01-01,86.20735633689546,100,MAT101
ST1134,2024-01-31,50.678622535732586,100,PHY101
ST1134,2024-03-01,68.4047657871021,100,MAT101
ST1134,2024-03-31,59.35896147514045,100,PHY101
ST1135,2024-01-01,65.71492045906008,100,MAT101
ST1135,2024-01-31,73.6608048015815,100,CSE101
ST1135,2024-03-01,55.870366507126874,100,MAT101
ST1135,2024-03-31,75.95916909147411,100,MAT101
ST1136,2024-01-01,81.97081894269132,100,CSE101
ST1136,2024-01-31,55.35051933151068,100,PHY101
ST1136,2024-03-01,81.07685983321826,100,CSE101
ST1136,2024-03-31,52.29890483080196,100,CSE101
ST1137,2024-01-01,86.22285650854528,100,MAT101
ST1137,2024-01-31,56.59952393064519,100,MAT101
ST1137,2024-03-01,78.65044100175655,100,MAT101
ST1137,2024-03-31,48.45262678659382,100,PHY101
ST1138,2024-01-01,53.94396943247568,100,MAT101
ST1138,2024-01-31,54.369557883543976,100,PHY101
ST1138,2024-03-01,69.45671073746362,100,MAT101
ST1138,2024-03-31,83.01204854279428,100,CSE101
ST1139,2024-01-01,37.77861520041619,100,MAT101
ST1139,2024-01-31,55.97194402646266,100,PHY101
ST1139,2024-03-01,64.18828193755212,100,CSE101
ST1139,2024-03-31,77.8403591867674,100,MAT101
ST1140,2024-01-01,42.84647109976508,100,MAT101
ST1140,2024-01-31,100.0,100,MAT101
ST1140,2024-03-01,63.794757966351874,100,MAT101
ST1140,2024-03-31,77.48652901982595,100,PHY101
ST1141,2024-01-01,58.399744133370255,100,PHY101
ST1141,2024-01-31,80.0768615703896,100,PHY101
ST1141,2024-03-01,56.800571094901244,100,MAT101
ST1141,2024-03-31,71.77620818288987,100,PHY101
ST1142,2024-01-01,82.77695348737353,100,CSE101
ST1142,2024-01-31,95.60299421167701,100,PHY101
ST1142,2024-03-01,72.53160643936002,100,MAT101
ST1142,2024-03-31,83.02856201314971,100,PHY101
ST1143,2024-01-01,60.605837707488405,100,MAT101
ST1143,2024-01-31,52.122713500468194,100,CSE101
ST1143,2024-03-01,57.83375107571824,100,MAT101
ST1143,2024-03-31,82.39767468843402,100,PHY101
ST1144,2024-01-01,66.80540520354826,100,MAT101
ST1144,2024-01-31,63.77263225683263,100,PHY101
ST1144,2024-03-01,60.36124455322901,100,MAT101
ST1144,2024-03-31,78.12598411873672,100,PHY101
ST1145,2024-01-01,100.0,100,PHY101
ST1145,2024-01-31,62.24571921328175,100,CSE101
ST1145,2024-03-01,58.53570487352666,100,CSE101
ST1145,2024-03-31,100.0,100,CSE101
ST1146,2024-01-01,50.100274273628614,100,PHY101
ST1146,2024-01-31,24.16185593760646,100,PHY101
ST1146,2024-03-01,61.988914793218214,100,CSE101
ST1146,2024-03-31,50.16871544487388,100,PHY101
ST1147,2024-01-01,44.22027130579568,100,MAT101
ST1147,2024-01-31,64.7800147533747,100,MAT101
ST1147,2024-03-01,60.267427641031816,100,PHY101
ST1147,2024-03-31,49.78998666090714,100,CSE101
ST1148,2024-01-01,60.21276951168169,100,PHY101
ST1148,2024-01-31,66.54082185444895,100,PHY101
ST1148,2024-03-01,74.51820089533562,100,MAT101
ST1148,2024-03-31,62.73204663244943,100,CSE101
ST1149,2024-01-01,69.57964171830524,100,CSE101
ST1149,2024-01-31,80.20719189631961,100,PHY101
ST1149,2024-03-01,45.71174240888428,100,MAT101
ST1149,2024-03-31,73.33693025669244,100,MAT101
ST1150,2024-01-01,55.35021231860838,100,MAT101
ST1150,2024-01-31,86.76385510156874,100,MAT101
ST1150,2024-03-01,71.21580682625482,100,MAT101
ST1150,2024-03-31,61.86277973718088,100,MAT101
ST1151,2024-01-01,83.85441320878722,100,CSE101
ST1151,2024-01-31,59.67344887330474,100,MAT101
ST1151,2024-03-01,42.287601904376956,100,CSE101
ST1151,2024-03-31,35.84923565107134,100,MAT101
ST1152,2024-01-01,56.64899679133273,100,PHY101
ST1152,2024-01-31,68.93602894349644,100,MAT101
ST1152,2024-03-01,83.33188277565233,100,MAT101
ST1152,2024-03-31,39.74855932994199,100,CSE101
ST1153,2024-01-01,65.00156210694259,100,MAT101
ST1153,2024-01-31,55.173042689225895,100,MAT101
ST1153,2024-03-01,95.53653937800833,100,MAT101
ST1153,2024-03-31,68.5320909390581,100,MAT101
ST1154,2024-01-01,100.0,100,CSE101
ST1154,2024-01-31,67.86876504576547,100,CSE101
ST1154,2024-03-01,86.62971401506141,100,MAT101
ST1154,2024-03-31,79.00515825499674,100,MAT101
ST1155,2024-01-01,81.97214728492509,100,PHY101
ST1155,2024-01-31,75.25679035371527,100,CSE101
ST1155,2024-03-01,29.840713698942125,100,MAT101
ST1155,2024-03-31,23.411836612428992,100,MAT101
ST1156,2024-01-01,58.44033913710881,100,CSE101
ST1156,2024-01-31,75.7482397703452,100,MAT101
ST1156,2024-03-01,52.86503949265139,100,CSE101
ST1156,2024-03-31,67.89198308805517,100,CSE101
ST1157,2024-01-01,63.01196741846756,100,CSE101
ST1157,2024-01-31,71.83326520050271,100,CSE101
ST1157,2024-03-01,40.19731779247135,100,MAT101
ST1157,2024-03-31,74.40858511497704,100,CSE101
ST1158,2024-01-01,41.141902179677906,100,CSE101
ST1158,2024-01-31,86.90787320860318,100,CSE101
ST1158,2024-03-01,75.24205216992706,100,CSE101
ST1158,2024-03-31,38.78678557666437,100,MAT101
ST1159,2024-01-01,74.16594639236547,100,MAT101
ST1159,2024-01-31,37.34534105488328,100,CSE101
ST1159,2024-03-01,64.61777884248599,100,MAT101
ST1159,2024-03-31,67.78674574299312,100,MAT101
ST1160,2024-01-01,71.36832894797527,100,PHY101
ST1160,2024-01-31,62.84469071696168,100,CSE101
ST1160,2024-03-01,56.32680354540612,100,MAT101
ST1160,2024-03-31,100.0,100,PHY101
ST1161,2024-01-01,63.67368062576378,100,PHY101
ST1161,2024-01-31,60.33511298615605,100,CSE101
ST1161,2024-03-01,75.91237274976143,100,PHY101
ST1161,2024-03-31,52.730373878096245,100,MAT101
ST1162,2024-01-01,66.3585717986087,100,CSE101
ST1162,2024-01-31,56.05908511529556,100,MAT101
ST1162,2024-03-01,74.55068480244414,100,MAT101
ST1162,2024-03-31,85.69955460880959,100,PHY101
ST1163,2024-01-01,80.87271667046001,100,MAT101
ST1163,2024-01-31,65.64463164572294,100,MAT101
ST1163,2024-03-01,35.87772938122233,100,CSE101
ST1163,2024-03-31,94.89469315618717,100,PHY101
ST1164,2024-01-01,56.42486186362849,100,PHY101
ST1164,2024-01-31,100.0,100,PHY101
ST1164,2024-03-01,53.57964056618711,100,MAT101
ST1164,2024-03-31,72.14900671399658,100,PHY101
ST1165,2024-01-01,59.15865781112575,100,MAT101
ST1165,2024-01-31,62.02502830833298,100,PHY101
ST1165,2024-03-01,61.48403223649363,100,MAT101
ST1165,2024-03-31,59.738810181612514,100,PHY101
ST1166,2024-01-01,52.93430027898157,100,PHY101
ST1166,2024-01-31,55.289691346348775,100,PHY101
ST1166,2024-03-01,78.1283604730586,100,CSE101
ST1166,2024-03-31,45.2073917082729,100,MAT101
ST1167,2024-01-01,57.131951679386034,100,PHY101
ST1167,2024-01-31,78.26376376403553,100,MAT101
ST1167,2024-03-01,60.04353064416314,100,PHY101
ST1167,2024-03-31,83.35667849682686,100,MAT101
ST1168,2024-01-01,90.95898507208167,100,CSE101
ST1168,2024-01-31,61.096017021165984,100,CSE101
ST1168,2024-03-01,69.36864028057317,100,CSE101
ST1168,2024-03-31,94.8091454776032,100,MAT101
ST1169,2024-01-01,71.23189135441083,100,CSE101
ST1169,2024-01-31,73.33719169976378,100,PHY101
ST1169,2024-03-01,100.0,100,PHY101
ST1169,2024-03-31,42.67337711418796,100,PHY101
ST1170,2024-01-01,75.41921307285884,100,CSE101
ST1170,2024-01-31,56.13985182668147,100,MAT101
ST1170,2024-03-01,39.013034728855146,100,CSE101
ST1170,2024-03-31,57.2038398806025,100,CSE101
ST1171,2024-01-01,42.57890028312488,100,PHY101
ST1171,2024-01-31,59.75293141349623,100,CSE101
ST1171,2024-03-01,54.8694855287614,100,CSE101
ST1171,2024-03-31,74.01076248187286,100,MAT101
ST1172,2024-01-01,59.188888503806055,100,MAT101
ST1172,2024-01-31,58.477738750800704,100,MAT101
ST1172,2024-03-01,55.81401852014055,100,MAT101
ST1172,2024-03-31,47.09008574385128,100,PHY101
ST1173,2024-01-01,86.94922607218925,100,MAT101
ST1173,2024-01-31,67.21832420096737,100,PHY101
ST1173,2024-03-01,81.13190552099726,100,PHY101
ST1173,2024-03-31,72.67005614595406,100,CSE101
ST1174,2024-01-01,58.81509960269641,100,CSE101
ST1174,2024-01-31,60.428737010357764,100,CSE101
ST1174,2024-03-01,63.46292703645463,100,MAT101
ST1174,2024-03-31,32.76337009588181,100,MAT101
ST1175,2024-01-01,62.61194051006534,100,MAT101
ST1175,2024-01-31,81.50997660373905,100,CSE101
ST1175,2024-03-01,80.35908206785135,100,PHY101
ST1175,2024-03-31,69.49495332530216,100,PHY101
ST1176,2024-01-01,58.25969348905502,100,CSE101
ST1176,2024-01-31,84.76592856700925,100,MAT101
ST1176,2024-03-01,77.89336399026271,100,PHY101
ST1176,2024-03-31,37.03018146264326,100,CSE101
ST1177,2024-01-01,73.98497304488134,100,PHY101
ST1177,2024-01-31,54.07328841991065,100,MAT101
ST1177,2024-03-01,49.443362871130546,100,CSE101
ST1177,2024-03-31,52.08624490635097,100,MAT101
ST1178,2024-01-01,45.158781811142276,100,PHY101
ST1178,2024-01-31,80.51598141519817,100,MAT101
ST1178,2024-03-01,97.12598993641622,100,MAT101
ST1178,2024-03-31,98.17836063672414,100,MAT101
ST1179,2024-01-01,70.33664486944363,100,PHY101
ST1179,2024-01-31,78.60645767510866,100,CSE101
ST1179,2024-03-01,72.36803603742847,100,PHY101
ST1179,2024-03-31,49.056995132747886,100,PHY101
ST1180,2024-01-01,91.60585638182366,100,CSE101
ST1180,2024-01-31,77.42510285343985,100,MAT101
ST1180,2024-03-01,68.26404491087689,100,PHY101
ST1180,2024-03-31,68.89932416672357,100,PHY101
ST1181,2024-01-01,87.03340795044583,100,PHY101
ST1181,2024-01-31,88.43755001921818,100,PHY101
ST1181,2024-03-01,59.8233530844585,100,PHY101
ST1181,2024-03-31,42.89048681565536,100,CSE101
ST1182,2024-01-01,34.280567467424945,100,CSE101
ST1182,2024-01-31,67.84193092092775,100,MAT101
ST1182,2024-03-01,65.0963243330783,100,CSE101
ST1182,2024-03-31,50.670945248600255,100,MAT101
ST1183,2024-01-01,46.087816012353734,100,PHY101
ST1183,2024-01-31,77.95377754986191,100,CSE101
ST1183,2024-03-01,41.51265478719587,100,PHY101
ST1183,2024-03-31,73.07525628952646,100,MAT101
ST1184,2024-01-01,61.2008511585564,100,PHY101
ST1184,2024-01-31,45.014399457008736,100,PHY101
ST1184,2024-03-01,67.29326647683288,100,MAT101
ST1184,2024-03-31,56.26747062275283,100,PHY101
ST1185,2024-01-01,70.81331250786452,100,PHY101
ST1185,2024-01-31,78.35398911878893,100,PHY101
ST1185,2024-03-01,69.84985959089457,100,MAT101
ST1185,2024-03-31,55.01472353873185,100,PHY101
ST1186,2024-01-01,44.30609256830313,100,MAT101
ST1186,2024-01-31,69.79650672827847,100,PHY101
ST1186,2024-03-01,77.42971105438698,100,CSE101
ST1186,2024-03-31,72.61754042322269,100,MAT101
ST1187,2024-01-01,63.980444653248895,100,PHY101
ST1187,2024-01-31,61.55382671118019,100,PHY101
ST1187,2024-03-01,65.38148100507676,100,MAT101
ST1187,2024-03-31,63.29925135270071,100,MAT101
ST1188,2024-01-01,62.585642879789184,100,PHY101
ST1188,2024-01-31,98.8098428615945,100,MAT101
ST1188,2024-03-01,66.19020873460538,100,CSE101
ST1188,2024-03-31,54.81495747754852,100,PHY101
ST1189,2024-01-01,73.77807296447666,100,PHY101
ST1189,2024-01-31,65.73455290094746,100,MAT101
ST1189,2024-03-01,56.56727689335848,100,CSE101
ST1189,2024-03-31,73.96069694241955,100,CSE101
ST1190,2024-01-01,64.70795640132606,100,PHY101
ST1190,2024-01-31,86.82045997488552,100,CSE101
ST1190,2024-03-01,68.511146361058,100,PHY101
ST1190,2024-03-31,75.7717381768939,100,CSE101
ST1191,2024-01-01,80.18448765366675,100,CSE101
ST1191,2024-01-31,85.44624703690636,100,MAT101
ST1191,2024-03-01,69.21777044704736,100,CSE101
ST1191,2024-03-31,69.79941292278846,100,CSE101
ST1192,2024-01-01,66.63746173727891,100,PHY101
ST1192,2024-01-31,55.17900345235805,100,MAT101
ST1192,2024-03-01,70.79488623271666,100,MAT101
ST1192,2024-03-31,75.94591160998112,100,CSE101
ST1193,2024-01-01,88.06807932433095,100,PHY101
ST1193,2024-01-31,49.71831994587336,100,MAT101
ST1193,2024-03-01,61.86846990316095,100,MAT101
ST1193,2024-03-31,62.898420936495484,100,CSE101
ST1194,2024-01-01,72.3331797422722,100,MAT101
ST1194,2024-01-31,68.74747168294292,100,PHY101
ST1194,2024-03-01,24.508677446488313,100,CSE101
ST1194,2024-03-31,71.40897904286885,100,PHY101
ST1195,2024-01-01,67.94659558169704,100,PHY101
ST1195,2024-01-31,49.09416361669061,100,CSE101
ST1195,2024-03-01,85.0474442493836,100,CSE101
ST1195,2024-03-31,90.404347996712,100,PHY101
ST1196,2024-01-01,51.453318554972974,100,MAT101
ST1196,2024-01-31,67.30880642137066,100,PHY101
ST1196,2024-03-01,71.55859634895133,100,PHY101
ST1196,2024-03-31,80.09932607430754,100,MAT101
ST1197,2024-01-01,61.531348179258565,100,PHY101
ST1197,2024-01-31,67.66018127709552,100,MAT101
ST1197,2024-03-01,92.10654688560632,100,CSE101
ST1197,2024-03-31,47.523120430032236,100,CSE101
ST1198,2024-01-01,59.602180368856544,100,PHY101
ST1198,2024-01-31,76.42790944452899,100,MAT101
ST1198,2024-03-01,58.94388281393012,100,CSE101
ST1198,2024-03-31,79.2289851388458,100,PHY101
ST1199,2024-01-01,56.01348171758192,100,MAT101
ST1199,2024-01-31,79.02112861403545,100,MAT101
ST1199,2024-03-01,76.26530450302324,100,CSE101
ST1199,2024-03-31,87.09803380122983,100,CSE101
ST1200,2024-01-01,73.50898754051379,100,CSE101
ST1200,2024-01-31,69.93725564178527,100,CSE101
ST1200,2024-03-01,65.19721248201373,100,CSE101
ST1200,2024-03-31,70.76882528752107,100,MAT101
ST1201,2024-01-01,56.83567137005702,100,CSE101
ST1201,2024-01-31,58.17971756814233,100,MAT101
ST1201,2024-03-01,83.65674398065912,100,CSE101
ST1201,2024-03-31,95.5403451834155,100,CSE101
ST1202,2024-01-01,53.18866275185023,100,PHY101
ST1202,2024-01-31,80.6913990322175,100,MAT101
ST1202,2024-03-01,50.93098492588179,100,MAT101
ST1202,2024-03-31,36.968366553619475,100,PHY101
ST1203,2024-01-01,54.44132416569227,100,CSE101
ST1203,2024-01-31,69.1602336062968,100,MAT101
ST1203,2024-03-01,97.24277285800005,100,MAT101
ST1203,2024-03-31,54.87304432535736,100,MAT101
ST1204,2024-01-01,55.09162123415826,100,PHY101
ST1204,2024-01-31,93.92594247497394,100,CSE101
ST1204,2024-03-01,73.5363537316063,100,MAT101
ST1204,2024-03-31,61.7811048374611,100,MAT101
ST1205,2024-01-01,94.06830041747585,100,CSE101
ST1205,2024-01-31,66.83951136146011,100,CSE101
ST1205,2024-03-01,56.2459461241164,100,PHY101
ST1205,2024-03-31,65.62852352798868,100,PHY101
ST1206,2024-01-01,73.95731504132662,100,MAT101
ST1206,2024-01-31,67.2005987334203,100,CSE101
ST1206,2024-03-01,68.07292336316509,100,PHY101
ST1206,2024-03-31,61.58534979303133,100,MAT101
ST1207,2024-01-01,72.45624523611,100,MAT101
ST1207,2024-01-31,41.5550350390744,100,MAT101
ST1207,2024-03-01,54.45194313532068,100,MAT101
ST1207,2024-03-31,51.3779384575371,100,PHY101
ST1208,2024-01-01,74.8000448768293,100,MAT101
ST1208,2024-01-31,69.57262866585882,100,MAT101
ST1208,2024-03-01,49.804417867711386,100,PHY101
ST1208,2024-03-31,42.04666566307705,100,CSE101
ST1209,2024-01-01,82.89799978996993,100,PHY101
ST1209,2024-01-31,63.09066133899955,100,CSE101
ST1209,2024-03-01,78.26864681727206,100,PHY101
ST1209,2024-03-31,34.4249317580292,100,PHY101
ST1210,2024-01-01,51.80061565576634,100,CSE101
ST1210,2024-01-31,69.13371898769246,100,CSE101
ST1210,2024-03-01,79.83825656717787,100,PHY101
ST1210,2024-03-31,54.473170604736104,100,PHY101
ST1211,2024-01-01,100.0,100,CSE101
ST1211,2024-01-31,62.776965246150105,100,CSE101
ST1211,2024-03-01,61.88089806863119,100,PHY101
ST1211,2024-03-31,68.35937914828273,100,CSE101
ST1212,2024-01-01,54.80867249151002,100,PHY101
ST1212,2024-01-31,88.47011289580657,100,PHY101
ST1212,2024-03-01,54.3667103091052,100,CSE101
ST1212,2024-03-31,45.72749639621438,100,MAT101
ST1213,2024-01-01,55.98516922200325,100,MAT101
ST1213,2024-01-31,41.10663228571461,100,CSE101
ST1213,2024-03-01,58.573198442862505,100,MAT101
ST1213,2024-03-31,48.95795763738825,100,MAT101
ST1214,2024-01-01,58.68804833825308,100,MAT101
ST1214,2024-01-31,65.88769268611135,100,PHY101
ST1214,2024-03-01,64.41548328975952,100,MAT101
ST1214,2024-03-31,66.4202317255248,100,MAT101
ST1215,2024-01-01,71.44953833939202,100,MAT101
ST1215,2024-01-31,67.50612076432384,100,MAT101
ST1215,2024-03-01,77.46538635211738,100,CSE101
ST1215,2024-03-31,55.04949727551214,100,PHY101
ST1216,2024-01-01,81.61678119674241,100,PHY101
ST1216,2024-01-31,51.169081112720086,100,MAT101
ST1216,2024-03-01,62.400652653532994,100,CSE101
ST1216,2024-03-31,61.922606883988564,100,MAT101
ST1217,2024-01-01,69.89366287156537,100,CSE101
ST1217,2024-01-31,32.64585703502177,100,CSE101
ST1217,2024-03-01,78.39545722883153,100,CSE101
ST1217,2024-03-31,59.14256178250287,100,MAT101
ST1218,2024-01-01,58.73555478468569,100,CSE101
ST1218,2024-01-31,46.13827540716864,100,MAT101
ST1218,2024-03-01,96.41320555605373,100,MAT101
ST1218,2024-03-31,66.28805185327863,100,MAT101
ST1219,2024-01-01,48.64223759799292,100,MAT101
ST1219,2024-01-31,85.52877921104243,100,CSE101
ST1219,2024-03-01,42.07566407690742,100,MAT101
ST1219,2024-03-31,80.2417208435291,100,MAT101
ST1220,2024-01-01,82.79665095314867,100,MAT101
ST1220,2024-01-31,55.22448563405439,100,CSE101
ST1220,2024-03-01,87.53109051613177,100,MAT101
ST1220,2024-03-31,72.14632036046325,100,CSE101
ST1221,2024-01-01,65.23711947746219,100,PHY101
ST1221,2024-01-31,69.37967782438143,100,PHY101
ST1221,2024-03-01,48.4052309703597,100,CSE101
ST1221,2024-03-31,80.45345729473127,100,CSE101
ST1222,2024-01-01,59.999667658295195,100,PHY101
ST1222,2024-01-31,50.35855592101379,100,MAT101
ST1222,2024-03-01,76.09933494743264,100,MAT101
ST1222,2024-03-31,95.48262284835144,100,PHY101
ST1223,2024-01-01,75.09674812779767,100,MAT101
ST1223,2024-01-31,76.87702889993236,100,CSE101
ST1223,2024-03-01,80.07925707563139,100,PHY101
ST1223,2024-03-31,48.89368813026714,100,CSE101
ST1224,2024-01-01,70.13182497944649,100,CSE101
ST1224,2024-01-31,51.88097691266475,100,MAT101
ST1224,2024-03-01,53.3488322210493,100,CSE101
ST1224,2024-03-31,49.23960481593512,100,MAT101
ST1225,2024-01-01,74.85481770164388,100,PHY101
ST1225,2024-01-31,41.11101438903231,100,MAT101
ST1225,2024-03-01,91.88233645761967,100,MAT101
ST1225,2024-03-31,79.47306487438522,100,MAT101
ST1226,2024-01-01,54.37110780856527,100,PHY101
ST1226,2024-01-31,64.46675555604727,100,PHY101
ST1226,2024-03-01,53.30762979309341,100,PHY101
ST1226,2024-03-31,53.04572043993509,100,CSE101
ST1227,2024-01-01,50.81994894944464,100,MAT101
ST1227,2024-01-31,74.48454462620053,100,CSE101
ST1227,2024-03-01,57.45399460498677,100,PHY101
ST1227,2024-03-31,56.48946644364459,100,CSE101
ST1228,2024-01-01,80.72147149216309,100,MAT101
ST1228,2024-01-31,48.327973582520116,100,CSE101
ST1228,2024-03-01,70.65818732715917,100,CSE101
ST1228,2024-03-31,72.40475904817089,100,MAT101
ST1229,2024-01-01,42.30228006782105,100,CSE101
ST1229,2024-01-31,52.111007576974366,100,MAT101
ST1229,2024-03-01,50.18053927313746,100,MAT101
ST1229,2024-03-31,73.40729512465211,100,MAT101
ST1230,2024-01-01,76.83599618701054,100,PHY101
ST1230,2024-01-31,63.08844578906897,100,PHY101
ST1230,2024-03-01,50.187862199656706,100,PHY101
ST1230,2024-03-31,80.05634860342144,100,PHY101
ST1231,2024-01-01,68.88594800618064,100,MAT101
ST1231,2024-01-31,67.22346879642738,100,PHY101
ST1231,2024-03-01,66.90737418305339,100,PHY101
ST1231,2024-03-31,62.12834680360918,100,PHY101
ST1232,2024-01-01,61.616867187584496,100,MAT101
ST1232,2024-01-31,85.33114911507813,100,PHY101
ST1232,2024-03-01,40.718390777348375,100,CSE101
ST1232,2024-03-31,76.72193625659914,100,MAT101
ST1233,2024-01-01,58.11211937983624,100,CSE101
ST1233,2024-01-31,84.48685503979439,100,CSE101
ST1233,2024-03-01,74.04937409693437,100,CSE101
ST1233,2024-03-31,50.35937776551182,100,MAT101
ST1234,2024-01-01,43.06216658195055,100,MAT101
ST1234,2024-01-31,55.98974713243341,100,MAT101
ST1234,2024-03-01,68.45544764182239,100,PHY101
ST1234,2024-03-31,65.64840613092846,100,CSE101
ST1235,2024-01-01,47.69213609649155,100,PHY101
ST1235,2024-01-31,58.57103521528956,100,MAT101
ST1235,2024-03-01,68.64536887561789,100,MAT101
ST1235,2024-03-31,97.67608475558688,100,PHY101
ST1236,2024-01-01,71.79700687943578,100,MAT101
ST1236,2024-01-31,71.5652968487664,100,CSE101
ST1236,2024-03-01,49.81286792887343,100,MAT101
ST1236,2024-03-31,79.90521081394394,100,PHY101
ST1237,2024-01-01,98.73712231904466,100,PHY101
ST1237,2024-01-31,85.89401928395914,100,PHY101
ST1237,2024-03-01,61.10700954081256,100,PHY101
ST1237,2024-03-31,64.20560078211533,100,CSE101
ST1238,2024-01-01,85.74130163271417,100,CSE101
ST1238,2024-01-31,74.57272225924436,100,MAT101
ST1238,2024-03-01,37.7157793796293,100,PHY101
ST1238,2024-03-31,58.844800758636524,100,MAT101
ST1239,2024-01-01,69.46854969440648,100,CSE101
ST1239,2024-01-31,67.89894506253967,100,PHY101
ST1239,2024-03-01,99.12293114073496,100,MAT101
ST1239,2024-03-31,40.97299649409973,100,MAT101
ST1240,2024-01-01,69.89009803363699,100,MAT101
ST1240,2024-01-31,90.21875613245508,100,CSE101
ST1240,2024-03-01,65.57238745890201,100,PHY101
ST1240,2024-03-31,59.23678778226991,100,MAT101
ST1241,2024-01-01,73.44032197508457,100,MAT101
ST1241,2024-01-31,80.06922870807789,100,CSE101
ST1241,2024-03-01,46.95131630920041,100,CSE101
ST1241,2024-03-31,68.29709833715206,100,CSE101
ST1242,2024-01-01,83.22991289012873,100,CSE101
ST1242,2024-01-31,76.7998626711772,100,PHY101
ST1242,2024-03-01,64.6042930590852,100,MAT101
ST1242,2024-03-31,49.114065158171755,100,CSE101
ST1243,2024-01-01,67.50019905470624,100,MAT101
ST1243,2024-01-31,58.802958043174314,100,MAT101
ST1243,2024-03-01,32.853532588759414,100,PHY101
ST1243,2024-03-31,59.972710503168386,100,MAT101
ST1244,2024-01-01,62.62274824887501,100,PHY101
ST1244,2024-01-31,81.52176272024919,100,PHY101
ST1244,2024-03-01,53.36453276181127,100,CSE101
ST1244,2024-03-31,76.71965771855396,100,CSE101
ST1245,2024-01-01,79.2926774957602,100,CSE101
ST1245,2024-01-31,59.66351890512778,100,CSE101
ST1245,2024-03-01,66.9805263165556,100,PHY101
ST1245,2024-03-31,42.3950519625959,100,PHY101
ST1246,2024-01-01,69.61565281397938,100,PHY101
ST1246,2024-01-31,100.0,100,PHY101
ST1246,2024-03-01,86.93863806861248,100,MAT101
ST1246,2024-03-31,47.05771299502871,100,MAT101
ST1247,2024-01-01,60.66889751006922,100,PHY101
ST1247,2024-01-31,64.06465204090385,100,PHY101
ST1247,2024-03-01,79.83879889487477,100,PHY101
ST1247,2024-03-31,89.43876590408945,100,MAT101
ST1248,2024-01-01,66.86056934203647,100,MAT101
ST1248,2024-01-31,63.05775866797475,100,CSE101
ST1248,2024-03-01,69.05329675431794,100,CSE101
ST1248,2024-03-31,44.79573866528669,100,PHY101
ST1249,2024-01-01,53.831748640801194,100,PHY101
ST1249,2024-01-31,78.32781361459627,100,MAT101
ST1249,2024-03-01,72.04616136514151,100,CSE101
ST1249,2024-03-31,48.241125121383206,100,CSE101
ST1250,2024-01-01,69.69907970666462,100,PHY101
ST1250,2024-01-31,86.26656746983265,100,PHY101
ST1250,2024-03-01,67.88313455568202,100,MAT101
ST1250,2024-03-31,53.51756723652669,100,CSE101
ST1251,2024-01-01,75.20903527467047,100,CSE101
ST1251,2024-01-31,69.64730163336488,100,PHY101
ST1251,2024-03-01,76.41384380234693,100,PHY101
ST1251,2024-03-31,34.84819762076491,100,MAT101
ST1252,2024-01-01,73.69527006212728,100,MAT101
ST1252,2024-01-31,91.3037472754508,100,CSE101
ST1252,2024-03-01,48.520718591413754,100,PHY101
ST1252,2024-03-31,64.54371488866353,100,PHY101
ST1253,2024-01-01,57.31218929136878,100,MAT101
ST1253,2024-01-31,63.601608685490525,100,CSE101
ST1253,2024-03-01,60.07418100116303,100,CSE101
ST1253,2024-03-31,60.23212027743,100,MAT101
ST1254,2024-01-01,73.01360332463241,100,MAT101
ST1254,2024-01-31,76.35138167388106,100,MAT101
ST1254,2024-03-01,67.3793138441233,100,CSE101
ST1254,2024-03-31,42.33113913306103,100,PHY101
ST1255,2024-01-01,66.97167270126938,100,MAT101
ST1255,2024-01-31,67.45673704187548,100,PHY101
ST1255,2024-03-01,59.015144848096185,100,PHY101
ST1255,2024-03-31,57.95340951826419,100,MAT101
ST1256,2024-01-01,76.28257238995317,100,CSE101
ST1256,2024-01-31,66.59489771986128,100,CSE101
ST1256,2024-03-01,62.14724898749939,100,PHY101
ST1256,2024-03-31,51.71763139244764,100,PHY101
ST1257,2024-01-01,67.13173859154094,100,PHY101
ST1257,2024-01-31,67.33595161795355,100,PHY101
ST1257,2024-03-01,50.27349696109254,100,CSE101
ST1257,2024-03-31,88.43595058537514,100,PHY101
ST1258,2024-01-01,92.07386383747892,100,MAT101
ST1258,2024-01-31,77.13510766110599,100,MAT101
ST1258,2024-03-01,65.65723016227905,100,CSE101
ST1258,2024-03-31,46.55874188844649,100,PHY101
ST1259,2024-01-01,72.3644196713503,100,MAT101
ST1259,2024-01-31,40.892550906530076,100,PHY101
ST1259,2024-03-01,91.27083990378244,100,MAT101
ST1259,2024-03-31,89.934110030587,100,PHY101
ST1260,2024-01-01,71.85069807121903,100,MAT101
ST1260,2024-01-31,55.01287209846147,100,PHY101
ST1260,2024-03-01,38.04118636324787,100,CSE101
ST1260,2024-03-31,59.099310498616084,100,PHY101
ST1261,2024-01-01,31.744523611728894,100,CSE101
ST1261,2024-01-31,51.78891361319253,100,MAT101
ST1261,2024-03-01,85.015440270562,100,CSE101
ST1261,2024-03-31,78.05440298701127,100,MAT101
ST1262,2024-01-01,70.76356478054097,100,CSE101
ST1262,2024-01-31,57.32131166906406,100,MAT101
ST1262,2024-03-01,65.26978352848352,100,MAT101
ST1262,2024-03-31,41.66947771139216,100,PHY101
ST1263,2024-01-01,68.99093938496483,100,PHY101
ST1263,2024-01-31,59.280395823866094,100,MAT101
ST1263,2024-03-01,56.425772553115195,100,PHY101
ST1263,2024-03-31,49.966706451631566,100,MAT101
ST1264,2024-01-01,95.1594060122379,100,PHY101
ST1264,2024-01-31,99.27533215057404,100,CSE101
ST1264,2024-03-01,55.202453864322266,100,CSE101
ST1264,2024-03-31,39.24632333504643,100,CSE101
ST1265,2024-01-01,42.42486765054214,100,PHY101
ST1265,2024-01-31,57.181843879263596,100,PHY101
ST1265,2024-03-01,73.1248063017731,100,MAT101
ST1265,2024-03-31,29.806885342174027,100,PHY101
ST1266,2024-01-01,81.3241282330115,100,CSE101
ST1266,2024-01-31,44.70455646417364,100,PHY101
ST1266,2024-03-01,21.56276679582733,100,PHY101
ST1266,2024-03-31,89.97109746546091,100,PHY101
ST1267,2024-01-01,57.21083192726511,100,CSE101
ST1267,2024-01-31,53.621629937535246,100,MAT101
ST1267,2024-03-01,86.26323422860621,100,CSE101
ST1267,2024-03-31,58.09921995965855,100,PHY101
ST1268,2024-01-01,68.89792865998768,100,CSE101
ST1268,2024-01-31,29.66590865593048,100,MAT101
ST1268,2024-03-01,72.05140384104295,100,PHY101
ST1268,2024-03-31,53.75362181068739,100,CSE101
ST1269,2024-01-01,62.85535659757369,100,PHY101
ST1269,2024-01-31,56.271211982312686,100,CSE101
ST1269,2024-03-01,52.225871833783636,100,MAT101
ST1269,2024-03-31,62.42711867370729,100,MAT101
ST1270,2024-01-01,73.8055711700682,100,MAT101
ST1270,2024-01-31,80.11399695739925,100,MAT101
ST1270,2024-03-01,56.53131220860611,100,MAT101
ST1270,2024-03-31,49.35869518495616,100,MAT101
ST1271,2024-01-01,75.83158913107948,100,PHY101
ST1271,2024-01-31,79.4299926710895,100,CSE101
ST1271,2024-03-01,46.426557135409894,100,PHY101
ST1271,2024-03-31,60.604540935088394,100,PHY101
ST1272,2024-01-01,81.41758690566937,100,PHY101
ST1272,2024-01-31,80.37306446260378,100,MAT101
ST1272,2024-03-01,63.461741643254314,100,MAT101
ST1272,2024-03-31,68.55285387293776,100,CSE101
ST1273,2024-01-01,83.27976167736297,100,PHY101
ST1273,2024-01-31,60.152275739716465,100,PHY101
ST1273,2024-03-01,63.281909361199695,100,PHY101
ST1273,2024-03-31,73.25443157160973,100,CSE101
ST1274,2024-01-01,57.449444498060146,100,CSE101
ST1274,2024-01-31,54.98299638003809,100,PHY101
ST1274,2024-03-01,64.69047003801977,100,PHY101
ST1274,2024-03-31,59.20721839024963,100,CSE101
ST1275,2024-01-01,67.91980947859402,100,MAT101
ST1275,2024-01-31,66.76054423481362,100,CSE101
ST1275,2024-03-01,61.520401715052074,100,CSE101
ST1275,2024-03-31,78.60776307638126,100,MAT101
ST1276,2024-01-01,46.75614507174479,100,PHY101
ST1276,2024-01-31,80.06881364421811,100,PHY101
ST1276,2024-03-01,57.78466838347926,100,CSE101
ST1276,2024-03-31,64.90838949344209,100,CSE101
ST1277,2024-01-01,66.0124806864614,100,CSE101
ST1277,2024-01-31,74.73051114012488,100,CSE101
ST1277,2024-03-01,64.23122313318775,100,CSE101
ST1277,2024-03-31,62.06327733787556,100,CSE101
ST1278,2024-01-01,48.297205683921604,100,CSE101
ST1278,2024-01-31,54.297533721385506,100,CSE101
ST1278,2024-03-01,49.35094044216257,100,MAT101
ST1278,2024-03-31,55.32893420537404,100,PHY101
ST1279,2024-01-01,69.83832950497342,100,PHY101
ST1279,2024-01-31,33.87388188082094,100,MAT101
ST1279,2024-03-01,73.16448767017545,100,MAT101
ST1279,2024-03-31,94.77709656484564,100,CSE101
ST1280,2024-01-01,52.450214120469,100,MAT101
ST1280,2024-01-31,27.303770109363775,100,CSE101
ST1280,2024-03-01,57.48857201925913,100,PHY101
ST1280,2024-03-31,73.50010270599051,100,CSE101
ST1281,2024-01-01,73.0455002020773,100,MAT101
ST1281,2024-01-31,48.16931488110435,100,MAT101
ST1281,2024-03-01,74.35355180221005,100,CSE101
ST1281,2024-03-31,26.983635249420118,100,PHY101
ST1282,2024-01-01,57.16506190924349,100,MAT101
ST1282,2024-01-31,80.92142242600389,100,MAT101
ST1282,2024-03-01,62.65989690603362,100,MAT101
ST1282,2024-03-31,63.45320339453698,100,CSE101
ST1283,2024-01-01,65.61674052907684,100,MAT101
ST1283,2024-01-31,75.72619261140655,100,PHY101
ST1283,2024-03-01,50.61954871040488,100,PHY101
ST1283,2024-03-31,57.03404769886228,100,PHY101
ST1284,2024-01-01,64.06474455619002,100,MAT101
ST1284,2024-01-31,65.76608533032459,100,CSE101
ST1284,2024-03-01,64.92771532189742,100,MAT101
ST1284,2024-03-31,45.812405524282354,100,CSE101
ST1285,2024-01-01,45.628700547347535,100,PHY101
ST1285,2024-01-31,67.4696564017522,100,MAT101
ST1285,2024-03-01,69.90764646949624,100,CSE101
ST1285,2024-03-31,89.10241084152477,100,CSE101
ST1286,2024-01-01,70.31719813469508,100,PHY101
ST1286,2024-01-31,68.19667453809734,100,MAT101
ST1286,2024-03-01,61.89440761154174,100,CSE101
ST1286,2024-03-31,68.97986998665235,100,MAT101
ST1287,2024-01-01,40.82908065975443,100,PHY101
ST1287,2024-01-31,69.45830750165224,100,MAT101
ST1287,2024-03-01,69.30161407668206,100,PHY101
ST1287,2024-03-31,57.06920930193721,100,PHY101
ST1288,2024-01-01,98.90217029526215,100,PHY101
ST1288,2024-01-31,60.614490499168866,100,MAT101
ST1288,2024-03-01,80.24666667154669,100,MAT101
ST1288,2024-03-31,70.91993186916662,100,MAT101
ST1289,2024-01-01,56.083081538403675,100,CSE101
ST1289,2024-01-31,54.99442308541387,100,PHY101
ST1289,2024-03-01,77.00163107441283,100,MAT101
ST1289,2024-03-31,81.05614468249843,100,PHY101
ST1290,2024-01-01,49.6644969529804,100,PHY101
ST1290,2024-01-31,86.72061270768097,100,MAT101
ST1290,2024-03-01,70.25219573970485,100,MAT101
ST1290,2024-03-31,57.623132578252005,100,MAT101
ST1291,2024-01-01,65.13107028256596,100,CSE101
ST1291,2024-01-31,82.26636576546179,100,MAT101
ST1291,2024-03-01,72.94160145569198,100,PHY101
ST1291,2024-03-31,67.56842818014364,100,PHY101
ST1292,2024-01-01,55.738690697758116,100,CSE101
ST1292,2024-01-31,50.8882966417616,100,CSE101
ST1292,2024-03-01,58.513594492945685,100,PHY101
ST1292,2024-03-31,66.79208369480065,100,CSE101
ST1293,2024-01-01,80.23807545329564,100,PHY101
ST1293,2024-01-31,44.45923296733716,100,MAT101
ST1293,2024-03-01,87.05501155144258,100,MAT101
ST1293,2024-03-31,87.15843348107111,100,MAT101
ST1294,2024-01-01,77.29464008760709,100,PHY101
ST1294,2024-01-31,88.36174475640135,100,MAT101
ST1294,2024-03-01,84.2443919107864,100,MAT101
ST1294,2024-03-31,46.97689816931948,100,PHY101
ST1295,2024-01-01,90.69015338036453,100,PHY101
ST1295,2024-01-31,67.57300124566747,100,MAT101
ST1295,2024-03-01,38.67381389188237,100,MAT101
ST1295,2024-03-31,52.14266692900803,100,PHY101
ST1296,2024-01-01,70.25836631997264,100,PHY101
ST1296,2024-01-31,59.27459608270972,100,MAT101
ST1296,2024-03-01,56.41240130473155,100,CSE101
ST1296,2024-03-31,63.23792924764272,100,PHY101
ST1297,2024-01-01,60.8344241182085,100,MAT101
ST1297,2024-01-31,42.43776119834517,100,MAT101
ST1297,2024-03-01,75.28904402269146,100,PHY101
ST1297,2024-03-31,69.32481116273601,100,MAT101
ST1298,2024-01-01,56.954551262702424,100,MAT101
ST1298,2024-01-31,42.88307589506795,100,PHY101
ST1298,2024-03-01,64.9990890217903,100,PHY101
ST1298,2024-03-31,71.86747310170448,100,MAT101
ST1299,2024-01-01,60.03472884081419,100,CSE101
ST1299,2024-01-31,58.43340128719856,100,CSE101
ST1299,2024-03-01,55.82518609508899,100,MAT101
ST1299,2024-03-31,92.66771660453303,100,PHY101
ST1300,2024-01-01,68.82918561675999,100,CSE101
ST1300,2024-01-31,65.42656170067211,100,MAT101
ST1300,2024-03-01,64.72825820542889,100,CSE101
ST1300,2024-03-31,46.26338010871356,100,MAT101
ST1301,2024-01-01,49.374662274454494,100,PHY101
ST1301,2024-01-31,76.3686878764513,100,MAT101
ST1301,2024-03-01,56.815851905307035,100,CSE101
ST1301,2024-03-31,68.34587056790895,100,PHY101
ST1302,2024-01-01,74.59331837021551,100,MAT101
ST1302,2024-01-31,68.51534784278326,100,MAT101
ST1302,2024-03-01,88.68183724452297,100,MAT101
ST1302,2024-03-31,82.33983035998142,100,MAT101
ST1303,2024-01-01,79.7192294614486,100,CSE101
ST1303,2024-01-31,49.16717839896221,100,CSE101
ST1303,2024-03-01,56.60478710227938,100,MAT101
ST1303,2024-03-31,62.271099239397074,100,MAT101
ST1304,2024-01-01,82.09753001622215,100,CSE101
ST1304,2024-01-31,61.13041329779468,100,PHY101
ST1304,2024-03-01,63.105566306472,100,CSE101
ST1304,2024-03-31,59.06315344651692,100,CSE101
ST1305,2024-01-01,86.65974329177003,100,MAT101
ST1305,2024-01-31,66.72544843330432,100,CSE101
ST1305,2024-03-01,51.139970467762154,100,MAT101
ST1305,2024-03-31,64.55906190517878,100,CSE101
ST1306,2024-01-01,67.07456817518526,100,PHY101
ST1306,2024-01-31,38.84444136947869,100,CSE101
ST1306,2024-03-01,64.22453072971928,100,PHY101
ST1306,2024-03-31,85.20578837551815,100,MAT101
ST1307,2024-01-01,72.85890132268297,100,PHY101
ST1307,2024-01-31,51.45582610603746,100,MAT101
ST1307,2024-03-01,65.66513895862236,100,CSE101
ST1307,2024-03-31,61.747166143618955,100,CSE101
ST1308,2024-01-01,65.58526556035486,100,PHY101
ST1308,2024-01-31,71.15352948799536,100,CSE101
ST1308,2024-03-01,52.8040459013404,100,PHY101
ST1308,2024-03-31,60.814175594550015,100,PHY101
ST1309,2024-01-01,56.903279616447065,100,PHY101
ST1309,2024-01-31,86.54445810481981,100,PHY101
ST1309,2024-03-01,68.65139198128468,100,PHY101
ST1309,2024-03-31,44.73482748336876,100,PHY101
ST1310,2024-01-01,52.242926415429686,100,PHY101
ST1310,2024-01-31,57.03367000034811,100,CSE101
ST1310,2024-03-01,31.440488641458096,100,PHY101
ST1310,2024-03-31,65.90748646859417,100,MAT101
ST1311,2024-01-01,71.28847172401109,100,MAT101
ST1311,2024-01-31,79.31069322139922,100,MAT101
ST1311,2024-03-01,77.10117397197627,100,MAT101
ST1311,2024-03-31,56.335572047839726,100,CSE101
ST1312,2024-01-01,71.22072168516502,100,PHY101
ST1312,2024-01-31,42.538461276324625,100,CSE101
ST1312,2024-03-01,57.42974147001627,100,PHY101
ST1312,2024-03-31,74.65556653973535,100,MAT101
ST1313,2024-01-01,59.10161078717616,100,PHY101
ST1313,2024-01-31,58.14105107970093,100,CSE101
ST1313,2024-03-01,68.43538841094069,100,CSE101
ST1313,2024-03-31,42.19432456113263,100,MAT101
ST1314,2024-01-01,40.62359519278779,100,PHY101
ST1314,2024-01-31,67.74222757351467,100,MAT101
ST1314,2024-03-01,46.40337392173839,100,MAT101
ST1314,2024-03-31,66.42657330815469,100,PHY101
ST1315,2024-01-01,61.369276189957084,100,PHY101
ST1315,2024-01-31,57.62516853700943,100,PHY101
ST1315,2024-03-01,38.652600636870716,100,PHY101
ST1315,2024-03-31,68.11635468352614,100,CSE101
ST1316,2024-01-01,66.08823218200811,100,MAT101
ST1316,2024-01-31,61.7524293868272,100,MAT101
ST1316,2024-03-01,71.07735015906253,100,CSE101
ST1316,2024-03-31,55.66597001318728,100,CSE101
ST1317,2024-01-01,70.35086849369506,100,CSE101
ST1317,2024-01-31,58.17015658038877,100,MAT101
ST1317,2024-03-01,83.97168861637635,100,MAT101
ST1317,2024-03-31,63.77838586607811,100,MAT101
ST1318,2024-01-01,70.76783985077938,100,MAT101
ST1318,2024-01-31,74.08295317424488,100,PHY101
ST1318,2024-03-01,71.63176741785023,100,PHY101
ST1318,2024-03-31,75.04139519671531,100,PHY101
ST1319,2024-01-01,67.91454661587773,100,MAT101
ST1319,2024-01-31,60.965957124205616,100,CSE101
ST1319,2024-03-01,40.50595269073169,100,PHY101
ST1319,2024-03-31,60.97453997580398,100,CSE101
ST1320,2024-01-01,77.0628736326319,100,MAT101
ST1320,2024-01-31,84.71323931186157,100,CSE101
ST1320,2024-03-01,65.96517304731117,100,PHY101
ST1320,2024-03-31,66.3871250564781,100,MAT101
ST1321,2024-01-01,76.39950819800292,100,MAT101
ST1321,2024-01-31,52.81935323362005,100,CSE101
ST1321,2024-03-01,49.65332097352572,100,PHY101
ST1321,2024-03-31,64.83832710025278,100,MAT101
ST1322,2024-01-01,60.76992725732699,100,PHY101
ST1322,2024-01-31,55.093940864729745,100,PHY101
ST1322,2024-03-01,32.35784049926347,100,CSE101
ST1322,2024-03-31,44.18444614542524,100,CSE101
ST1323,2024-01-01,81.164504115249,100,CSE101
ST1323,2024-01-31,69.46620309423292,100,CSE101
ST1323,2024-03-01,43.486672465173086,100,PHY101
ST1323,2024-03-31,79.87789280045504,100,CSE101
ST1324,2024-01-01,58.850335977348124,100,CSE101
ST1324,2024-01-31,41.853560117699764,100,CSE101
ST1324,2024-03-01,53.774761652515025,100,PHY101
ST1324,2024-03-31,45.50913662783108,100,CSE101
ST1325,2024-01-01,48.61585196201398,100,CSE101
ST1325,2024-01-31,76.22011327383431,100,PHY101
ST1325,2024-03-01,65.96774661499121,100,CSE101
ST1325,2024-03-31,82.15222726835216,100,PHY101
ST1326,2024-01-01,68.35880223601565,100,MAT101
ST1326,2024-01-31,59.780310479319965,100,MAT101
ST1326,2024-03-01,97.26887180078877,100,PHY101
ST1326,2024-03-31,73.06670016932974,100,CSE101
ST1327,2024-01-01,67.17313105777414,100,CSE101
ST1327,2024-01-31,60.291760587787266,100,PHY101
ST1327,2024-03-01,56.568075598637414,100,MAT101
ST1327,2024-03-31,88.33632077057139,100,PHY101
ST1328,2024-01-01,51.6787796994425,100,PHY101
ST1328,2024-01-31,67.19903390320117,100,PHY101
ST1328,2024-03-01,67.07839046603527,100,CSE101
ST1328,2024-03-31,75.2974822243921,100,MAT101
ST1329,2024-01-01,100.0,100,PHY101
ST1329,2024-01-31,52.377870117967255,100,CSE101
ST1329,2024-03-01,94.75076414332338,100,CSE101
ST1329,2024-03-31,82.38884662271697,100,CSE101
ST1330,2024-01-01,69.16823281455369,100,MAT101
ST1330,2024-01-31,70.00336852528139,100,PHY101
ST1330,2024-03-01,71.77558587210098,100,CSE101
ST1330,2024-03-31,63.144977920263486,100,CSE101
ST1331,2024-01-01,61.99154386455617,100,CSE101
ST1331,2024-01-31,72.5877930048854,100,CSE101
ST1331,2024-03-01,58.72023853447783,100,CSE101
ST1331,2024-03-31,59.887162584791454,100,PHY101
ST1332,2024-01-01,65.5740736736059,100,MAT101
ST1332,2024-01-31,68.73148697621399,100,CSE101
ST1332,2024-03-01,85.57409229659298,100,MAT101
ST1332,2024-03-31,75.6418302814119,100,CSE101
ST1333,2024-01-01,80.92853393759799,100,MAT101
ST1333,2024-01-31,37.49180050053522,100,CSE101
ST1333,2024-03-01,65.21558583342242,100,PHY101
ST1333,2024-03-31,78.89111731593744,100,MAT101
ST1334,2024-01-01,63.975933656334426,100,MAT101
ST1334,2024-01-31,62.51171881656209,100,CSE101
ST1334,2024-03-01,46.6798396788204,100,PHY101
ST1334,2024-03-31,50.65708771288729,100,CSE101
ST1335,2024-01-01,73.90662189078571,100,PHY101
ST1335,2024-01-31,51.37370972568009,100,MAT101
ST1335,2024-03-01,54.718127516580346,100,MAT101
ST1335,2024-03-31,35.04251867129497,100,PHY101
ST1336,2024-01-01,52.794057971880136,100,CSE101
ST1336,2024-01-31,100.0,100,MAT101
ST1336,2024-03-01,41.63368649730366,100,CSE101
ST1336,2024-03-31,45.98939225963488,100,CSE101
ST1337,2024-01-01,66.2671808347723,100,CSE101
ST1337,2024-01-31,51.30033503809875,100,CSE101
ST1337,2024-03-01,46.310648251735586,100,PHY101
ST1337,2024-03-31,57.93581359387777,100,CSE101
ST1338,2024-01-01,87.22100049220234,100,CSE101
ST1338,2024-01-31,94.85657088572725,100,MAT101
ST1338,2024-03-01,90.97310413189892,100,PHY101
ST1338,2024-03-31,84.02762798154657,100,MAT101
ST1339,2024-01-01,63.427128498767004,100,PHY101
ST1339,2024-01-31,85.02264914766594,100,CSE101
ST1339,2024-03-01,31.867672577923116,100,PHY101
ST1339,2024-03-31,63.101117574894744,100,MAT101
ST1340,2024-01-01,61.37079973479022,100,PHY101
ST1340,2024-01-31,80.37599164275403,100,PHY101
ST1340,2024-03-01,72.19259393148204,100,CSE101
ST1340,2024-03-31,79.25647100638153,100,MAT101
ST1341,2024-01-01,60.66267481869244,100,CSE101
ST1341,2024-01-31,57.30625732211744,100,MAT101
ST1341,2024-03-01,55.15785382796077,100,CSE101
ST1341,2024-03-31,50.04382460145706,100,MAT101
ST1342,2024-01-01,74.48547286402817,100,MAT101
ST1342,2024-01-31,63.03056277151563,100,MAT101
ST1342,2024-03-01,52.58724502904564,100,CSE101
ST1342,2024-03-31,75.83975748384904,100,PHY101
ST1343,2024-01-01,41.883785266559414,100,MAT101
ST1343,2024-01-31,68.08170241376857,100,PHY101
ST1343,2024-03-01,82.93411033558064,100,MAT101
ST1343,2024-03-31,79.66008758281461,100,CSE101
ST1344,2024-01-01,58.644451051887735,100,MAT101
ST1344,2024-01-31,75.34523679314242,100,MAT101
ST1344,2024-03-01,70.41027290632974,100,MAT101
ST1344,2024-03-31,55.9201573641414,100,CSE101
ST1345,2024-01-01,44.7967365686742,100,CSE101
ST1345,2024-01-31,53.36085047605747,100,CSE101
ST1345,2024-03-01,66.70520076759222,100,CSE101
ST1345,2024-03-31,63.842501421544576,100,MAT101
ST1346,2024-01-01,81.8420299974393,100,MAT101
ST1346,2024-01-31,58.35802322151035,100,CSE101
ST1346,2024-03-01,53.34049513222938,100,CSE101
ST1346,2024-03-31,93.4889393583075,100,PHY101
ST1347,2024-01-01,62.34582206164382,100,PHY101
ST1347,2024-01-31,72.95413915330671,100,MAT101
ST1347,2024-03-01,42.366204449812386,100,PHY101
ST1347,2024-03-31,66.11941965434737,100,MAT101
ST1348,2024-01-01,45.19442359168201,100,CSE101
ST1348,2024-01-31,66.71290105392842,100,MAT101
ST1348,2024-03-01,49.35608534129747,100,PHY101
ST1348,2024-03-31,67.69427852529388,100,PHY101
ST1349,2024-01-01,46.672754339423015,100,CSE101
ST1349,2024-01-31,58.94779521552169,100,PHY101
ST1349,2024-03-01,63.59015095659158,100,CSE101
ST1349,2024-03-31,61.8769795964891,100,PHY101
ST1350,2024-01-01,93.2132427381254,100,MAT101
ST1350,2024-01-31,60.897058414388,100,CSE101
ST1350,2024-03-01,57.47050671030621,100,MAT101
ST1350,2024-03-31,67.88186132444528,100,CSE101
ST1351,2024-01-01,52.15679519937647,100,CSE101
ST1351,2024-01-31,77.01167550305989,100,MAT101
ST1351,2024-03-01,81.97247720688422,100,MAT101
ST1351,2024-03-31,33.19738366205107,100,MAT101
ST1352,2024-01-01,77.68093251081375,100,MAT101
ST1352,2024-01-31,54.93965946044757,100,PHY101
ST1352,2024-03-01,90.41747262472599,100,PHY101
ST1352,2024-03-31,71.13101716078553,100,CSE101
ST1353,2024-01-01,56.10891904871862,100,PHY101
ST1353,2024-01-31,58.573468777429326,100,MAT101
ST1353,2024-03-01,65.8235111261549,100,CSE101
ST1353,2024-03-31,41.91978983334646,100,CSE101
ST1354,2024-01-01,44.51687903393899,100,MAT101
ST1354,2024-01-31,76.90691287387445,100,CSE101
ST1354,2024-03-01,66.80848139479163,100,MAT101
ST1354,2024-03-31,46.673397665739344,100,MAT101
ST1355,2024-01-01,72.25913071921224,100,PHY101
ST1355,2024-01-31,62.62746256419892,100,MAT101
ST1355,2024-03-01,79.7898957363052,100,CSE101
ST1355,2024-03-31,61.5451833028652,100,MAT101
ST1356,2024-01-01,41.098724242071285,100,CSE101
ST1356,2024-01-31,40.957590374874876,100,CSE101
ST1356,2024-03-01,79.73742679892518,100,CSE101
ST1356,2024-03-31,59.81448468426051,100,PHY101
ST1357,2024-01-01,67.06177284970053,100,PHY101
ST1357,2024-01-31,79.76413440952629,100,PHY101
ST1357,2024-03-01,73.60303705404135,100,MAT101
ST1357,2024-03-31,60.57170909538475,100,MAT101
ST1358,2024-01-01,66.28445506643708,100,MAT101
ST1358,2024-01-31,69.70379887756732,100,MAT101
ST1358,2024-03-01,77.30357884975659,100,PHY101
ST1358,2024-03-31,67.04339829146048,100,MAT101
ST1359,2024-01-01,60.76226128062815,100,CSE101
ST1359,2024-01-31,61.28040430274907,100,MAT101
ST1359,2024-03-01,74.20337282148013,100,PHY101
ST1359,2024-03-31,81.74466666922329,100,CSE101
ST1360,2024-01-01,52.2401257002559,100,PHY101
ST1360,2024-01-31,53.75141462937285,100,CSE101
ST1360,2024-03-01,70.97352604721766,100,CSE101
ST1360,2024-03-31,98.47948483216811,100,CSE101
ST1361,2024-01-01,69.70924567679043,100,PHY101
ST1361,2024-01-31,83.95676307624088,100,MAT101
ST1361,2024-03-01,59.84250269969013,100,PHY101
ST1361,2024-03-31,78.47146919972538,100,MAT101
ST1362,2024-01-01,61.919792670818524,100,PHY101
ST1362,2024-01-31,53.19655261292507,100,PHY101
ST1362,2024-03-01,97.81160753457891,100,MAT101
ST1362,2024-03-31,62.52031788974908,100,MAT101
ST1363,2024-01-01,79.34417919549674,100,CSE101
ST1363,2024-01-31,87.53846396380717,100,PHY101
ST1363,2024-03-01,67.52336881163042,100,CSE101
ST1363,2024-03-31,59.72579946328767,100,MAT101
ST1364,2024-01-01,56.7062174296933,100,MAT101
ST1364,2024-01-31,79.1212375337514,100,MAT101
ST1364,2024-03-01,91.44200014051417,100,CSE101
ST1364,2024-03-31,96.24529787857543,100,MAT101
ST1365,2024-01-01,64.96938493955597,100,PHY101
ST1365,2024-01-31,61.35303907012982,100,CSE101
ST1365,2024-03-01,85.60579377045715,100,MAT101
ST1365,2024-03-31,65.6140173688246,100,MAT101
ST1366,2024-01-01,67.3751287094165,100,MAT101
ST1366,2024-01-31,66.95613454135754,100,CSE101
ST1366,2024-03-01,73.42478867964148,100,MAT101
ST1366,2024-03-31,47.554726331323835,100,PHY101
ST1367,2024-01-01,64.40754996835454,100,MAT101
ST1367,2024-01-31,51.9439953211341,100,CSE101
ST1367,2024-03-01,69.26019416820246,100,PHY101
ST1367,2024-03-31,59.18039821029173,100,CSE101
ST1368,2024-01-01,44.45628316643444,100,MAT101
ST1368,2024-01-31,78.92352980307308,100,MAT101
ST1368,2024-03-01,78.17518753416292,100,CSE101
ST1368,2024-03-31,58.28636304133468,100,CSE101
ST1369,2024-01-01,64.82558313386875,100,PHY101
ST1369,2024-01-31,66.39530254441094,100,PHY101
ST1369,2024-03-01,64.92018453645953,100,MAT101
ST1369,2024-03-31,75.6350412426506,100,MAT101
ST1370,2024-01-01,49.60809393155049,100,CSE101
ST1370,2024-01-31,53.18727774517683,100,MAT101
ST1370,2024-03-01,81.50208553006307,100,MAT101
ST1370,2024-03-31,71.25728729283821,100,PHY101
ST1371,2024-01-01,65.24964120462359,100,PHY101
ST1371,2024-01-31,75.25716696709766,100,PHY101
ST1371,2024-03-01,75.77432964255968,100,PHY101
ST1371,2024-03-31,43.7806280207535,100,CSE101
ST1372,2024-01-01,58.382422779131915,100,PHY101
ST1372,2024-01-31,62.391497323214324,100,MAT101
ST1372,2024-03-01,72.66214112500488,100,CSE101
ST1372,2024-03-31,83.86816326926855,100,PHY101
ST1373,2024-01-01,79.09180474989188,100,CSE101
ST1373,2024-01-31,88.2148478200328,100,MAT101
ST1373,2024-03-01,43.989999706575674,100,CSE101
ST1373,2024-03-31,100.0,100,PHY101
ST1374,2024-01-01,61.29278277456296,100,PHY101
ST1374,2024-01-31,67.29279899990459,100,PHY101
ST1374,2024-03-01,68.54318172631764,100,PHY101
ST1374,2024-03-31,61.82584258888323,100,PHY101
ST1375,2024-01-01,63.532114238688834,100,MAT101
ST1375,2024-01-31,65.88930200748707,100,MAT101
ST1375,2024-03-01,30.237391971631254,100,MAT101
ST1375,2024-03-31,84.57357427273894,100,CSE101
ST1376,2024-01-01,41.86015230036139,100,PHY101
ST1376,2024-01-31,59.84989247656563,100,PHY101
ST1376,2024-03-01,47.30909394989333,100,CSE101
ST1376,2024-03-31,93.050377947931,100,MAT101
ST1377,2024-01-01,47.30675022023768,100,PHY101
ST1377,2024-01-31,48.14248817410334,100,MAT101
ST1377,2024-03-01,61.80517861511281,100,MAT101
ST1377,2024-03-31,72.54685410641784,100,PHY101
ST1378,2024-01-01,43.33200296061217,100,MAT101
ST1378,2024-01-31,50.106059645843985,100,MAT101
ST1378,2024-03-01,67.03874577426268,100,MAT101
ST1378,2024-03-31,82.24041112336896,100,MAT101
ST1379,2024-01-01,65.1273085803496,100,CSE101
ST1379,2024-01-31,78.3240299705886,100,PHY101
ST1379,2024-03-01,94.56190336316402,100,CSE101
ST1379,2024-03-31,58.039232466906356,100,CSE101
ST1380,2024-01-01,49.538260582600245,100,CSE101
ST1380,2024-01-31,45.12209124785803,100,PHY101
ST1380,2024-03-01,79.87091663279641,100,PHY101
ST1380,2024-03-31,73.21144606860534,100,MAT101
ST1381,2024-01-01,54.74384675574203,100,MAT101
ST1381,2024-01-31,67.8277511909624,100,MAT101
ST1381,2024-03-01,41.68736296640829,100,CSE101
ST1381,2024-03-31,60.81440312762126,100,PHY101
ST1382,2024-01-01,60.3334447993005,100,CSE101
ST1382,2024-01-31,50.67276701572746,100,PHY101
ST1382,2024-03-01,69.97398457202019,100,MAT101
ST1382,2024-03-31,69.6067783805226,100,MAT101
ST1383,2024-01-01,60.05912155254133,100,MAT101
ST1383,2024-01-31,78.4164854858239,100,MAT101
ST1383,2024-03-01,43.06432009947187,100,PHY101
ST1383,2024-03-31,56.37735597161922,100,PHY101
ST1384,2024-01-01,52.38183178608086,100,CSE101
ST1384,2024-01-31,100.0,100,MAT101
ST1384,2024-03-01,79.134946252104,100,CSE101
ST1384,2024-03-31,54.53057082994567,100,MAT101
ST1385,2024-01-01,55.15333127107628,100,PHY101
ST1385,2024-01-31,60.86122505262823,100,PHY101
ST1385,2024-03-01,41.957200059033454,100,CSE101
ST1385,2024-03-31,58.741827703756236,100,PHY101
ST1386,2024-01-01,77.37426941349143,100,PHY101
ST1386,2024-01-31,86.62917932052787,100,CSE101
ST1386,2024-03-01,58.018221680261846,100,MAT101
ST1386,2024-03-31,50.328048646992,100,CSE101
ST1387,2024-01-01,48.729310063482004,100,CSE101
ST1387,2024-01-31,85.85864567316897,100,MAT101
ST1387,2024-03-01,81.14754057119501,100,PHY101
ST1387,2024-03-31,72.44959285872584,100,MAT101
ST1388,2024-01-01,41.27531455945201,100,PHY101
ST1388,2024-01-31,57.51687173044452,100,PHY101
ST1388,2024-03-01,87.87729667558345,100,MAT101
ST1388,2024-03-31,72.29226680735314,100,PHY101
ST1389,2024-01-01,59.77595372190267,100,CSE101
ST1389,2024-01-31,47.05804036327739,100,PHY101
ST1389,2024-03-01,47.4865164042086,100,PHY101
ST1389,2024-03-31,79.35578460799009,100,PHY101
ST1390,2024-01-01,88.08490894183223,100,CSE101
ST1390,2024-01-31,91.90251942436782,100,PHY101
ST1390,2024-03-01,59.221492611273874,100,MAT101
ST1390,2024-03-31,65.84888509602258,100,CSE101
ST1391,2024-01-01,60.22671056081883,100,MAT101
ST1391,2024-01-31,90.19172464366163,100,MAT101
ST1391,2024-03-01,70.24978738236095,100,PHY101
ST1391,2024-03-31,75.84021524635126,100,CSE101
ST1392,2024-01-01,63.703575038775526,100,MAT101
ST1392,2024-01-31,82.92422932891944,100,CSE101
ST1392,2024-03-01,56.29959195853028,100,CSE101
ST1392,2024-03-31,59.99757190180012,100,PHY101
ST1393,2024-01-01,67.72896196555534,100,MAT101
ST1393,2024-01-31,67.05784408480753,100,PHY101
ST1393,2024-03-01,53.22046333880829,100,MAT101
ST1393,2024-03-31,47.33280865535208,100,MAT101
ST1394,2024-01-01,82.52340755756248,100,PHY101
ST1394,2024-01-31,86.58863235746699,100,CSE101
ST1394,2024-03-01,69.64441025135359,100,CSE101
ST1394,2024-03-31,52.27594497279373,100,MAT101
ST1395,2024-01-01,57.649667594149506,100,MAT101
ST1395,2024-01-31,71.59527726712433,100,PHY101
ST1395,2024-03-01,78.26588636992969,100,CSE101
ST1395,2024-03-31,75.87416073634327,100,CSE101
ST1396,2024-01-01,77.67581023538426,100,PHY101
ST1396,2024-01-31,61.51995656331504,100,MAT101
ST1396,2024-03-01,83.52157344125649,100,PHY101
ST1396,2024-03-31,73.5232398473006,100,PHY101
ST1397,2024-01-01,80.69648358874954,100,CSE101
ST1397,2024-01-31,50.086347921671084,100,MAT101
ST1397,2024-03-01,57.307895994563296,100,PHY101
ST1397,2024-03-31,83.05385798370122,100,PHY101
ST1398,2024-01-01,55.73812201078857,100,PHY101
ST1398,2024-01-31,74.94107008568552,100,PHY101
ST1398,2024-03-01,67.97367232871441,100,PHY101
ST1398,2024-03-31,53.47495271883419,100,MAT101
ST1399,2024-01-01,87.3176067267491,100,CSE101
ST1399,2024-01-31,56.407342989394806,100,PHY101
ST1399,2024-03-01,57.211479549283915,100,MAT101
ST1399,2024-03-31,80.91780771861407,100,PHY101
ST1400,2024-01-01,61.098290684853204,100,MAT101
ST1400,2024-01-31,78.05254764270646,100,MAT101
ST1400,2024-03-01,88.04447030348734,100,PHY101
ST1400,2024-03-31,58.63900217819361,100,PHY101
ST1401,2024-01-01,63.576314167328235,100,CSE101
ST1401,2024-01-31,74.45516141106658,100,PHY101
ST1401,2024-03-01,42.68341473578484,100,CSE101
ST1401,2024-03-31,69.79535610538404,100,MAT101
ST1402,2024-01-01,55.515717839220784,100,CSE101
ST1402,2024-01-31,61.175763866745655,100,MAT101
ST1402,2024-03-01,74.58554035056581,100,CSE101
ST1402,2024-03-31,67.08004603933284,100,CSE101
ST1403,2024-01-01,89.10266888041497,100,MAT101
ST1403,2024-01-31,73.27974293210218,100,MAT101
ST1403,2024-03-01,71.366257622506,100,CSE101
ST1403,2024-03-31,57.79972805602449,100,MAT101
ST1404,2024-01-01,86.1857050347353,100,PHY101
ST1404,2024-01-31,55.251702620872784,100,PHY101
ST1404,2024-03-01,45.088666235767604,100,CSE101
ST1404,2024-03-31,100.0,100,MAT101
ST1405,2024-01-01,95.14581778352218,100,PHY101
ST1405,2024-01-31,66.12193558268109,100,CSE101
ST1405,2024-03-01,78.50814755564645,100,CSE101
ST1405,2024-03-31,57.94969442744976,100,MAT101
ST1406,2024-01-01,66.53561227984545,100,CSE101
ST1406,2024-01-31,77.51958821578859,100,PHY101
ST1406,2024-03-01,67.06899842220623,100,MAT101
ST1406,2024-03-31,59.97248162437436,100,PHY101
ST1407,2024-01-01,66.1239566975271,100,PHY101
ST1407,2024-01-31,88.68220854300796,100,PHY101
ST1407,2024-03-01,56.59441563747595,100,MAT101
ST1407,2024-03-31,78.78021345684087,100,MAT101
ST1408,2024-01-01,64.40103226009983,100,MAT101
ST1408,2024-01-31,67.58723576829794,100,PHY101
ST1408,2024-03-01,68.52931726143149,100,PHY101
ST1408,2024-03-31,66.81747175621074,100,MAT101
ST1409,2024-01-01,55.63624859808601,100,MAT101
ST1409,2024-01-31,59.93490822476869,100,PHY101
ST1409,2024-03-01,60.725698740547955,100,PHY101
ST1409,2024-03-31,74.3036069253376,100,PHY101
ST1410,2024-01-01,75.28825101783147,100,PHY101
ST1410,2024-01-31,65.50392985810856,100,MAT101
ST1410,2024-03-01,90.27809118219236,100,CSE101
ST1410,2024-03-31,67.75651923797722,100,PHY101
ST1411,2024-01-01,69.8444623369161,100,PHY101
ST1411,2024-01-31,68.29161042951266,100,PHY101
ST1411,2024-03-01,63.26205591355339,100,CSE101
ST1411,2024-03-31,83.55911751972462,100,PHY101
ST1412,2024-01-01,69.75399249732062,100,MAT101
ST1412,2024-01-31,43.53665107188402,100,PHY101
ST1412,2024-03-01,86.69648486174107,100,CSE101
ST1412,2024-03-31,34.49128864026051,100,CSE101
ST1413,2024-01-01,49.75692035623949,100,MAT101
ST1413,2024-01-31,68.06157939065997,100,MAT101
ST1413,2024-03-01,70.63884302486028,100,CSE101
ST1413,2024-03-31,68.84196669506822,100,PHY101
ST1414,2024-01-01,66.08656761663113,100,PHY101
ST1414,2024-01-31,65.71711448133381,100,CSE101
ST1414,2024-03-01,73.16090844788123,100,PHY101
ST1414,2024-03-31,87.81720762262566,100,CSE101
ST1415,2024-01-01,55.40762605248753,100,PHY101
ST1415,2024-01-31,80.05977258688385,100,CSE101
ST1415,2024-03-01,56.557641754499926,100,MAT101
ST1415,2024-03-31,72.77173460497733,100,MAT101
ST1416,2024-01-01,79.9120243378704,100,CSE101
ST1416,2024-01-31,66.40362121161394,100,CSE101
ST1416,2024-03-01,62.64321586253655,100,CSE101
ST1416,2024-03-31,48.26622595862774,100,MAT101
ST1417,2024-01-01,65.2647373549797,100,PHY101
ST1417,2024-01-31,63.25343130298632,100,MAT101
ST1417,2024-03-01,56.78015823501851,100,PHY101
ST1417,2024-03-31,57.07335454988862,100,CSE101
ST1418,2024-01-01,82.9900316702253,100,PHY101
ST1418,2024-01-31,55.480697331171136,100,CSE101
ST1418,2024-03-01,64.34853173905417,100,MAT101
ST1418,2024-03-31,82.02048320889494,100,CSE101
ST1419,2024-01-01,88.67652758419672,100,MAT101
ST1419,2024-01-31,45.014699623339084,100,CSE101
ST1419,2024-03-01,27.989177387054355,100,MAT101
ST1419,2024-03-31,58.97915672462136,100,CSE101
ST1420,2024-01-01,68.55092852514981,100,MAT101
ST1420,2024-01-31,65.93146541013209,100,CSE101
ST1420,2024-03-01,30.27673029941387,100,PHY101
ST1420,2024-03-31,82.0528437611669,100,PHY101
ST1421,2024-01-01,60.68917229320345,100,PHY101
ST1421,2024-01-31,32.326109814171076,100,CSE101
ST1421,2024-03-01,76.53506046685436,100,CSE101
ST1421,2024-03-31,76.85528936681627,100,MAT101
ST1422,2024-01-01,88.25875274846719,100,PHY101
ST1422,2024-01-31,80.56504129310117,100,CSE101
ST1422,2024-03-01,66.95634941821369,100,CSE101
ST1422,2024-03-31,59.182297866952176,100,PHY101
ST1423,2024-01-01,44.46572968603765,100,CSE101
ST1423,2024-01-31,80.67418973358318,100,PHY101
ST1423,2024-03-01,60.50342571009873,100,PHY101
ST1423,2024-03-31,74.14244521091763,100,CSE101
ST1424,2024-01-01,66.03069947340697,100,MAT101
ST1424,2024-01-31,74.79666532171646,100,MAT101
ST1424,2024-03-01,56.95459785910627,100,MAT101
ST1424,2024-03-31,52.925650056549884,100,CSE101
ST1425,2024-01-01,59.91432132569629,100,MAT101
ST1425,2024-01-31,86.68734143420082,100,CSE101
ST1425,2024-03-01,57.41694190244522,100,MAT101
ST1425,2024-03-31,80.09637042859744,100,PHY101
ST1426,2024-01-01,51.87350507824868,100,CSE101
ST1426,2024-01-31,31.3924595379151,100,MAT101
ST1426,2024-03-01,40.809900871578236,100,PHY101
ST1426,2024-03-31,61.49336125792154,100,PHY101
ST1427,2024-01-01,85.73576539676961,100,CSE101
ST1427,2024-01-31,76.68874965679107,100,CSE101
ST1427,2024-03-01,87.13580113983204,100,CSE101
ST1427,2024-03-31,83.27097288561569,100,CSE101
ST1428,2024-01-01,57.47718909485085,100,PHY101
ST1428,2024-01-31,82.3482796782558,100,CSE101
ST1428,2024-03-01,80.73115853963749,100,PHY101
ST1428,2024-03-31,45.35715267189343,100,CSE101
ST1429,2024-01-01,47.82661640239596,100,PHY101
ST1429,2024-01-31,57.13547113381135,100,CSE101
ST1429,2024-03-01,69.47487797782671,100,CSE101
ST1429,2024-03-31,53.626075057981964,100,CSE101
ST1430,2024-01-01,87.35734313802949,100,PHY101
ST1430,2024-01-31,78.99360566572923,100,MAT101
ST1430,2024-03-01,75.3161028251034,100,CSE101
ST1430,2024-03-31,87.11263298931667,100,MAT101
ST1431,2024-01-01,86.40352039811444,100,MAT101
ST1431,2024-01-31,64.70313050142902,100,MAT101
ST1431,2024-03-01,46.99987561425111,100,PHY101
ST1431,2024-03-31,61.02054031683928,100,MAT101
ST1432,2024-01-01,91.08243312409317,100,MAT101
ST1432,2024-01-31,65.6205927684928,100,MAT101
ST1432,2024-03-01,61.742049046038694,100,PHY101
ST1432,2024-03-31,64.49904255410662,100,MAT101
ST1433,2024-01-01,84.18475247658537,100,PHY101
ST1433,2024-01-31,51.87880688512811,100,CSE101
ST1433,2024-03-01,57.66255794875466,100,MAT101
ST1433,2024-03-31,59.291584629974125,100,CSE101
ST1434,2024-01-01,84.60925984013552,100,MAT101
ST1434,2024-01-31,63.27460071262455,100,PHY101
ST1434,2024-03-01,69.99010523987452,100,MAT101
ST1434,2024-03-31,47.323035194864644,100,PHY101
ST1435,2024-01-01,86.07574820131795,100,PHY101
ST1435,2024-01-31,99.28588588426761,100,MAT101
ST1435,2024-03-01,51.85329830658652,100,PHY101
ST1435,2024-03-31,84.25883275220505,100,PHY101
ST1436,2024-01-01,57.417707620100835,100,CSE101
ST1436,2024-01-31,62.10723318845822,100,MAT101
ST1436,2024-03-01,71.98423682523506,100,PHY101
ST1436,2024-03-31,52.13933437548321,100,CSE101
ST1437,2024-01-01,63.92687010820304,100,CSE101
ST1437,2024-01-31,62.41014164806679,100,MAT101
ST1437,2024-03-01,82.5398309034431,100,PHY101
ST1437,2024-03-31,57.999567048155065,100,CSE101
ST1438,2024-01-01,47.832784345698286,100,MAT101
ST1438,2024-01-31,74.51542237519674,100,PHY101
ST1438,2024-03-01,49.22124878063052,100,CSE101
ST1438,2024-03-31,63.18460627418452,100,CSE101
ST1439,2024-01-01,65.837374106345,100,MAT101
ST1439,2024-01-31,56.186857554082444,100,CSE101
ST1439,2024-03-01,80.98742466126589,100,PHY101
ST1439,2024-03-31,75.37013793655218,100,CSE101
ST1440,2024-01-01,57.425245025000685,100,PHY101
ST1440,2024-01-31,68.2776627031541,100,PHY101
ST1440,2024-03-01,54.53729876838688,100,CSE101
ST1440,2024-03-31,55.11408571614608,100,PHY101
ST1441,2024-01-01,67.78330518439095,100,CSE101
ST1441,2024-01-31,53.84771759654632,100,PHY101
ST1441,2024-03-01,65.0005666240632,100,PHY101
ST1441,2024-03-31,58.99601093112513,100,PHY101
ST1442,2024-01-01,56.73399149076299,100,CSE101
ST1442,2024-01-31,81.84173899180765,100,CSE101
ST1442,2024-03-01,70.3029610201813,100,PHY101
ST1442,2024-03-31,32.660071612557324,100,MAT101
ST1443,2024-01-01,69.06161237027406,100,PHY101
ST1443,2024-01-31,92.7384281201114,100,MAT101
ST1443,2024-03-01,69.41010879186895,100,CSE101
ST1443,2024-03-31,68.61661893705589,100,CSE101
ST1444,2024-01-01,67.90207459327821,100,CSE101
ST1444,2024-01-31,50.30176833987262,100,PHY101
ST1444,2024-03-01,48.0442143425812,100,CSE101
ST1444,2024-03-31,60.691621852376294,100,MAT101
ST1445,2024-01-01,70.27917359646752,100,PHY101
ST1445,2024-01-31,73.25695065726165,100,MAT101
ST1445,2024-03-01,50.601944874545296,100,MAT101
ST1445,2024-03-31,44.90676168319828,100,CSE101
ST1446,2024-01-01,74.51221113185083,100,PHY101
ST1446,2024-01-31,52.33505737962719,100,MAT101
ST1446,2024-03-01,68.68925143009304,100,MAT101
ST1446,2024-03-31,47.73740336032306,100,PHY101
ST1447,2024-01-01,25.267755575386403,100,MAT101
ST1447,2024-01-31,85.65845888712663,100,CSE101
ST1447,2024-03-01,61.21218186335968,100,CSE101
ST1447,2024-03-31,68.29798722810712,100,CSE101
ST1448,2024-01-01,69.01440125419134,100,PHY101
ST1448,2024-01-31,68.95220043858293,100,CSE101
ST1448,2024-03-01,39.93813457076955,100,MAT101
ST1448,2024-03-31,75.18009108091715,100,CSE101
ST1449,2024-01-01,50.5412003251345,100,PHY101
ST1449,2024-01-31,60.25973788369192,100,CSE101
ST1449,2024-03-01,37.82277804372598,100,MAT101
ST1449,2024-03-31,62.35729116019928,100,CSE101
ST1450,2024-01-01,36.82735680595316,100,CSE101
ST1450,2024-01-31,59.68852522194928,100,PHY101
ST1450,2024-03-01,67.21268701179496,100,MAT101
ST1450,2024-03-31,74.93072974814534,100,PHY101
ST1451,2024-01-01,67.92971250768719,100,PHY101
ST1451,2024-01-31,78.41570404111981,100,PHY101
ST1451,2024-03-01,89.9050200136083,100,CSE101
ST1451,2024-03-31,56.66528454395648,100,CSE101
ST1452,2024-01-01,42.42774149829962,100,CSE101
ST1452,2024-01-31,71.13233833568871,100,PHY101
ST1452,2024-03-01,86.67744960419674,100,PHY101
ST1452,2024-03-31,66.64850517818067,100,PHY101
ST1453,2024-01-01,41.37804494488016,100,CSE101
ST1453,2024-01-31,60.588061542614284,100,CSE101
ST1453,2024-03-01,89.65179831760389,100,CSE101
ST1453,2024-03-31,66.71703699077798,100,CSE101
ST1454,2024-01-01,64.75869120739911,100,MAT101
ST1454,2024-01-31,69.40843313332434,100,PHY101
ST1454,2024-03-01,66.04223987556016,100,MAT101
ST1454,2024-03-31,100.0,100,PHY101
ST1455,2024-01-01,70.3948588560523,100,MAT101
ST1455,2024-01-31,51.254496641599374,100,MAT101
ST1455,2024-03-01,58.96251957233264,100,CSE101
ST1455,2024-03-31,63.22891505824649,100,CSE101
ST1456,2024-01-01,45.722085239772824,100,PHY101
ST1456,2024-01-31,74.96999554101438,100,CSE101
ST1456,2024-03-01,62.70892714831908,100,PHY101
ST1456,2024-03-31,58.02926718880947,100,MAT101
ST1457,2024-01-01,60.93978597200359,100,MAT101
ST1457,2024-01-31,59.996042416100146,100,MAT101
ST1457,2024-03-01,65.82090330843711,100,MAT101
ST1457,2024-03-31,72.55850315078014,100,MAT101
ST1458,2024-01-01,100.0,100,CSE101
ST1458,2024-01-31,83.01943115930796,100,MAT101
ST1458,2024-03-01,60.4597394913858,100,CSE101
ST1458,2024-03-31,70.21652749203176,100,CSE101
ST1459,2024-01-01,69.74981389419574,100,PHY101
ST1459,2024-01-31,50.88331347913859,100,PHY101
ST1459,2024-03-01,59.91225252787598,100,CSE101
ST1459,2024-03-31,53.54785712523784,100,PHY101
ST1460,2024-01-01,62.4657703529913,100,PHY101
ST1460,2024-01-31,81.09842557512142,100,MAT101
ST1460,2024-03-01,93.98931575382105,100,PHY101
ST1460,2024-03-31,56.56596086315471,100,MAT101
ST1461,2024-01-01,37.116535370183115,100,MAT101
ST1461,2024-01-31,70.01117440234344,100,MAT101
ST1461,2024-03-01,69.68925890277903,100,MAT101
ST1461,2024-03-31,61.351232287527985,100,CSE101
ST1462,2024-01-01,85.37141376746345,100,MAT101
ST1462,2024-01-31,55.81744276541631,100,PHY101
ST1462,2024-03-01,61.10821544112763,100,CSE101
ST1462,2024-03-31,82.56095953903815,100,MAT101
ST1463,2024-01-01,61.03913440141767,100,PHY101
ST1463,2024-01-31,71.06718253373029,100,PHY101
ST1463,2024-03-01,48.863385137466594,100,CSE101
ST1463,2024-03-31,86.70019628005466,100,CSE101
ST1464,2024-01-01,67.93440676970457,100,MAT101
ST1464,2024-01-31,64.71055840972477,100,CSE101
ST1464,2024-03-01,86.46071102117541,100,PHY101
ST1464,2024-03-31,36.19909774798431,100,CSE101
ST1465,2024-01-01,62.2050999591444,100,PHY101
ST1465,2024-01-31,69.24842182070913,100,PHY101
ST1465,2024-03-01,46.17546889310376,100,MAT101
ST1465,2024-03-31,36.40274091635172,100,MAT101
ST1466,2024-01-01,53.150301777084266,100,MAT101
ST1466,2024-01-31,80.1424753083092,100,PHY101
ST1466,2024-03-01,28.322479454027793,100,CSE101
ST1466,2024-03-31,69.58897899146618,100,PHY101
ST1467,2024-01-01,77.53533169204864,100,MAT101
ST1467,2024-01-31,87.53611126129472,100,CSE101
ST1467,2024-03-01,67.99080166186589,100,CSE101
ST1467,2024-03-31,58.18744783761662,100,MAT101
ST1468,2024-01-01,26.41855962034066,100,PHY101
ST1468,2024-01-31,74.15391392809656,100,MAT101
ST1468,2024-03-01,72.16869052047677,100,PHY101
ST1468,2024-03-31,69.89531393117517,100,MAT101
ST1469,2024-01-01,48.76711302821079,100,CSE101
ST1469,2024-01-31,71.85412878290394,100,CSE101
ST1469,2024-03-01,42.63877574065593,100,PHY101
ST1469,2024-03-31,71.36426601080923,100,MAT101
ST1470,2024-01-01,45.11272922532803,100,MAT101
ST1470,2024-01-31,58.20444930517671,100,CSE101
ST1470,2024-03-01,40.29689763273722,100,MAT101
ST1470,2024-03-31,59.928197192322784,100,CSE101
ST1471,2024-01-01,45.64220983812589,100,CSE101
ST1471,2024-01-31,69.11742310731233,100,PHY101
ST1471,2024-03-01,72.5878003039456,100,CSE101
ST1471,2024-03-31,54.6437784170238,100,PHY101
ST1472,2024-01-01,76.61507322861027,100,PHY101
ST1472,2024-01-31,57.94591275120423,100,MAT101
ST1472,2024-03-01,73.56307326399939,100,CSE101
ST1472,2024-03-31,83.04850645690327,100,MAT101
ST1473,2024-01-01,73.4088900055905,100,PHY101
ST1473,2024-01-31,54.62588153550481,100,PHY101
ST1473,2024-03-01,62.04137893792986,100,MAT101
ST1473,2024-03-31,64.92085747036728,100,PHY101
ST1474,2024-01-01,67.74370020916517,100,PHY101
ST1474,2024-01-31,77.44868286862018,100,PHY101
ST1474,2024-03-01,74.0058965231161,100,MAT101
ST1474,2024-03-31,100.0,100,PHY101
ST1475,2024-01-01,64.73874914755127,100,CSE101
ST1475,2024-01-31,88.70827151874471,100,PHY101
ST1475,2024-03-01,66.34783820596485,100,CSE101
ST1475,2024-03-31,60.456269634855396,100,CSE101
ST1476,2024-01-01,70.52409346198867,100,CSE101
ST1476,2024-01-31,90.48417255714725,100,MAT101
ST1476,2024-03-01,94.81891925121937,100,PHY101
ST1476,2024-03-31,76.26172799909631,100,PHY101
ST1477,2024-01-01,82.83319216246737,100,MAT101
ST1477,2024-01-31,43.23859600528911,100,MAT101
ST1477,2024-03-01,52.05415113307404,100,CSE101
ST1477,2024-03-31,53.71249875610712,100,PHY101
ST1478,2024-01-01,35.120653132916026,100,MAT101
ST1478,2024-01-31,73.45073612006391,100,MAT101
ST1478,2024-03-01,66.58138261904959,100,PHY101
ST1478,2024-03-31,65.37263292757565,100,MAT101
ST1479,2024-01-01,69.29575541943272,100,CSE101
ST1479,2024-01-31,58.44574085221243,100,CSE101
ST1479,2024-03-01,65.7790652582611,100,CSE101
ST1479,2024-03-31,76.16644467681394,100,PHY101
ST1480,2024-01-01,62.34516665210534,100,CSE101
ST1480,2024-01-31,56.088560868031074,100,MAT101
ST1480,2024-03-01,54.13221882068597,100,CSE101
ST1480,2024-03-31,66.9352212456924,100,MAT101
ST1481,2024-01-01,40.263883583457265,100,CSE101
ST1481,2024-01-31,48.08539660853827,100,MAT101
ST1481,2024-03-01,69.33214383626947,100,CSE101
ST1481,2024-03-31,77.98051160832793,100,MAT101
ST1482,2024-01-01,53.40550565001675,100,CSE101
ST1482,2024-01-31,75.415128721065,100,CSE101
ST1482,2024-03-01,94.78779725185535,100,MAT101
ST1482,2024-03-31,55.26579934180643,100,CSE101
ST1483,2024-01-01,67.2727816542484,100,MAT101
ST1483,2024-01-31,65.97878855907967,100,PHY101
ST1483,2024-03-01,66.62205617589422,100,CSE101
ST1483,2024-03-31,80.08511906782772,100,MAT101
ST1484,2024-01-01,96.83590384729686,100,CSE101
ST1484,2024-01-31,72.1565754578207,100,PHY101
ST1484,2024-03-01,57.23394089626746,100,MAT101
ST1484,2024-03-31,90.98768431367725,100,CSE101
ST1485,2024-01-01,80.80442828145182,100,MAT101
ST1485,2024-01-31,91.9080979564178,100,PHY101
ST1485,2024-03-01,80.03259471476431,100,PHY101
ST1485,2024-03-31,44.668336995236494,100,MAT101
ST1486,2024-01-01,38.634242909419314,100,PHY101
ST1486,2024-01-31,74.62537620112488,100,MAT101
ST1486,2024-03-01,42.6371506850152,100,PHY101
ST1486,2024-03-31,68.24284976963742,100,PHY101
ST1487,2024-01-01,66.38325848948512,100,MAT101
ST1487,2024-01-31,93.44935314800354,100,PHY101
ST1487,2024-03-01,44.92529458109032,100,CSE101
ST1487,2024-03-31,59.44264479438324,100,CSE101
ST1488,2024-01-01,54.22862708531182,100,PHY101
ST1488,2024-01-31,47.163685074437154,100,CSE101
ST1488,2024-03-01,56.741796321974135,100,CSE101
ST1488,2024-03-31,55.96350485798797,100,MAT101
ST1489,2024-01-01,55.020226150577685,100,PHY101
ST1489,2024-01-31,69.86213905111539,100,CSE101
ST1489,2024-03-01,80.3358775400451,100,CSE101
ST1489,2024-03-31,91.44185883463531,100,CSE101
ST1490,2024-01-01,91.0497620066401,100,CSE101
ST1490,2024-01-31,80.16623586458707,100,MAT101
ST1490,2024-03-01,81.93394831755218,100,CSE101
ST1490,2024-03-31,43.321557412859505,100,PHY101
ST1491,2024-01-01,98.3391694994715,100,CSE101
ST1491,2024-01-31,64.56206626790464,100,PHY101
ST1491,2024-03-01,82.77452078187042,100,MAT101
ST1491,2024-03-31,52.69143435761438,100,MAT101
ST1492,2024-01-01,71.13658951264618,100,CSE101
ST1492,2024-01-31,66.89828763948842,100,CSE101
ST1492,2024-03-01,87.77932433449143,100,MAT101
ST1492,2024-03-31,59.22673048452887,100,MAT101
ST1493,2024-01-01,58.36789818070687,100,MAT101
ST1493,2024-01-31,49.33335289660612,100,PHY101
ST1493,2024-03-01,60.94869842338029,100,CSE101
ST1493,2024-03-31,50.31213528590945,100,PHY101
ST1494,2024-01-01,59.28099627436799,100,CSE101
ST1494,2024-01-31,61.73653452656986,100,MAT101
ST1494,2024-03-01,47.742720815006535,100,MAT101
ST1494,2024-03-31,66.40347978828284,100,PHY101
ST1495,2024-01-01,70.82835913228298,100,PHY101
ST1495,2024-01-31,36.243474072660874,100,PHY101
ST1495,2024-03-01,69.43532624570476,100,PHY101
ST1495,2024-03-31,78.9545551032729,100,MAT101
ST1496,2024-01-01,41.80112715090689,100,MAT101
ST1496,2024-01-31,67.0620786722407,100,MAT101
ST1496,2024-03-01,81.18728006121646,100,CSE101
ST1496,2024-03-31,100.0,100,CSE101
ST1497,2024-01-01,75.15948756446615,100,PHY101
ST1497,2024-01-31,75.88928928735413,100,CSE101
ST1497,2024-03-01,42.50265421185411,100,PHY101
ST1497,2024-03-31,51.57179410088437,100,PHY101
ST1498,2024-01-01,42.40115667320953,100,MAT101
ST1498,2024-01-31,75.2350801923233,100,PHY101
ST1498,2024-03-01,48.80850393751945,100,MAT101
ST1498,2024-03-31,56.09471357315673,100,MAT101
ST1499,2024-01-01,65.18237903402724,100,MAT101
ST1499,2024-01-31,54.24292237531219,100,MAT101
ST1499,2024-03-01,72.34898252852263,100,CSE101
ST1499,2024-03-31,46.74194670054865,100,CSE101
